value,count
슬램덩크,1085
가비지타임,809
화산귀환,686
괴담출근,445
주술회전,350
괴담에 떨어져도 출근을 해야 하는구나,313
데뷔 못 하면 죽는 병 걸림,254
프로젝트 세카이,224
아이돌리쉬세븐,192
블루록,189
데못죽,187
오오에,164
진혼기,152
어두운 바다의 등불이 되어,143
데뷔 못하면 죽는 병 걸림,132
이세계 착각 헌터,121
앙상블스타즈,120
트라이건,115
명일방주,111
하이큐,106
천관사복,95
내가 키운 S급들,92
명탐정 코난,86
아이돌리쉬 세븐,83
원피스,79
플레이브,76
블랙배저,71
역전재판,69
닌타마 란타로,69
괴담에 떨어져도 출근을 해야하는구나,69
데뷔못하면죽는병걸림,63
MIU404,62
포켓몬스터,59
앙상블 스타즈!! Music,56
앙상블 스타즈,54
니지산지,48
프로젝트세카이,48
트랜스포머,46
원신,45
세포신곡,45
페르소나,44
붕괴 스타레일,43
아이실드21,43
앙상블스타즈!!,43
마법사의 약속,42
마법명가 차남으로 살아남는 법,42
페이트/그랜드 오더,41
혈계전선,40
나의 히어로 아카데미아,40
닌타마,40
프로세카,39
붕괴:스타레일,39
오리지널,38
윈브레,38
엘소드,37
괴수8호,37
대역전재판,36
발더스게이트3,36
인사반파자구계통,35
나루토,33
히프노시스마이크,33
닌자보이 란타로,33
포켓몬,32
도검난무,31
스타레일,31
전지적 독자 시점,30
은혼,30
죠죠의 기묘한 모험,29
마도조사,29
전독시,29
히프노시스 마이크,28
가정교사 히트맨 리본,27
카리스마,27
이세계착각헌터,27
유희왕,27
파이널판타지14,26
페르소나5,25
페르소나3,24
골든카무이,24
내가 키운 s급들,23
"의원,다시 살다",23
문과라도 안 죄송한 이세계로 감,23
쿠로코의 농구,22
수공예,22
백작가의 망나니가 되었다,22
테일즈런너,22
보컬로이드,22
명급리,21
18TRIP,21
누카니발,20
모모찌,20
명탐정코난,20
오버워치,20
윈드브레이커,20
붕괴: 스타레일,20
테니스의 왕자,20
전지적독자시점,19
모브사이코100,19
골든 카무이,19
잔차품,18
우마무스메,18
메달리스트,18
로드오브히어로즈,17
어바등,17
모브사이코 100,17
에리오스 라이징 히어로즈,17
앙스타,17
발더스 게이트 3,17
닥터스톤,17
이착헌,17
내가키운S급들,16
명문고 EX급 조연의 리플레이,16
사카모토데이즈,16
가비지 타임,15
해리포터,15
서브 남주가 파업하면 생기는 일,15
반월당의 기묘한 이야기,15
붕괴스타레일,15
해즈빈 호텔,15
용과같이,15
겁쟁이페달,14
흡혈귀는 툭하면 죽는다,14
서브남주가 파업하면 생기는 일,14
아이나나,14
로드 오브 히어로즈,14
리그오브레전드,14
이나즈마 일레븐,14
.,13
아이돌리쉬세븐(아이나나),13
어두운바다의등불이되어,13
페르소나4,13
도쿄리벤저스,12
블루 록,12
사이퍼즈,12
내스급,12
열화요수,12
이세계 착각헌터,12
블루자이언트,12
MCU,12
괴수 8호,12
너희들은 변호됐다,12
젤다의 전설,11
1차창작,11
스타트렉,11
무기미도,11
발더스 게이트3,11
Fate/Grand Order,11
아이돌리쉬 세븐(아이나나),11
하이큐!!,11
블리치,11
해즈빈호텔,11
디지몬,10
카리스마 하우스,10
다이아몬드 에이스,10
스플래툰,10
프로젝트 세카이 컬러풀 스테이지! feat.하츠네 미쿠,10
던전밥,10
고서점가의 하시히메,10
괴담에 떨어져도 출근을 해야하는 구나,10
페르소나 시리즈,10
마차살,10
역전재판 시리즈,9
크툴루의 부름,9
도쿄 리벤저스,9
프로메어,9
핸드메이드 봉제인형,9
데뷔못하면 죽는 병 걸림,9
살파랑,9
FF14,9
파라라이,9
가면라이더,9
천마는 아이돌이 되었다,9
드래곤볼,9
괴담에 떨어져도 출근을 해야 하는 구나,9
괴담에떨어져도출근을해야하는구나,9
이나즈마일레븐,9
적왕사,8
내가키운s급들,8
월야환담,8
"아이돌리쉬 세븐,아이나나",8
무림제일폐: 월한강천록,8
울트라맨 엑스,8
프로야구생존기,8
닌타마란타로,8
"괴담에 떨어져도 출근을 해야 하는구나,블랙배저",8
"괴담출근,이착헌",8
킹 오브 프리즘,8
"괴담에 떨어져도 출근을 해야 하는구나,괴담출근",8
가정교사히트맨리본,8
그랜드체이스,8
콜 오브 듀티,8
100미터,8
울트라맨 오브,7
네가죽어,7
헌터x헌터,7
전지적 독자시점,7
시광대리인,7
밀그램,7
검은방,7
프롬 아르고나비스,7
창작,7
없음,7
청의 엑소시스트,7
괴담에 떨어져도 출근은 해야 하는구나,7
헌터헌터,7
가라오케 가자!,7
이합화타적백묘사존,7
더블크로스 3rd,7
마기카로기아,6
광마회귀,6
1차 창작,6
파라독스 라이브,6
어두운 바다의 등불이 되어(어바등),6
1차,6
동경과 거짓말,6
회색도시,6
테일즈 오브 제스티리아,6
기동전사 건담 수성의 마녀,6
페이트,6
다이아몬드에이스,6
뉴카니발,6
탑로더 탑꾸,6
프리파라,6
우마무스메 프리티더비,6
마법사의약속,6
진격의 거인,6
괴출,6
술탄의 게임,6
페르소나 5,6
더블크로스,6
의원 다시 살다,6
가라오케 가자,6
빛과 밤의 사랑,6
프로젝트 세카이 컬러풀 스테이지 feat.하츠네미쿠,6
파이널 판타지14,5
프세카,5
더퍼스트슬램덩크,5
프로젝트 세카이 컬러풀 스테이지! feat. 하츠네 미쿠,5
로드 오브 히어로즈(로오히),5
반월당,5
파이널 판타지 14,5
왕은 웃었다,5
천마돌,5
캐릭캐릭체인지,5
도쿄리벤져스,5
죠죠,5
격기3반,5
포켓몬스터 스칼렛/바이올렛,5
젤다의전설,5
길티기어,5
프로젝트 세카이 컬러풀 스테이지,5
아카기,5
미정,5
스파이패밀리,5
18trip,5
월드 트리거,5
크법사,5
헌터X헌터,5
태팅레이스,5
발더스게이트,5
블루 자이언트,5
기동전사 건담,5
괴담에 떨어져도 출근을 해야 하는구나(괴담출근),5
게게게의 키타로,5
"데못죽,괴담출근",5
괴담에 떨어져도 출근은 해야하는구나,5
볼트론:전설의 수호자,5
케이팝데몬헌터스,5
망각배터리,5
가면라이더 가브,5
사카모토 데이즈,5
박앵귀,5
아오페라,5
괴담에 떨어져도 출근을 해야 하는구나 (괴담출근),5
시노비가미,5
문호 스트레이독스,5
"괴담에 떨어져도 출근을 해야 하는구나,데뷔 못 하면 죽는 병 걸림",5
fkmt,4
아르고나비스,4
주컨곤,4
트라이건 맥시멈,4
프로젝트 세카이 컬러풀 스테이지 feat. 하츠네 미쿠,4
단간론파,4
묵독,4
길라잡이의 등불,4
프로젝트 세카이 컬러풀 스테이지 feat.하츠네 미쿠,4
가정교사 히트맨 리본!,4
모브사이코,4
데뷔 못하면 죽는병 걸림,4
장송의 프리렌,4
아머드코어6,4
소닉 더 헤지혹 시리즈,4
회색도시2,4
마법사의 약속 (마호야쿠),4
라테일,4
데뷔못하면 죽는병 걸림,4
아이돌리쉬세븐 (아이나나),4
은과 금,4
"슬램덩크,가비지타임",4
용기폭발 뱅브레이번,4
IDOLiSH7,4
스파이 패밀리,4
로오히,4
울트라맨 타이가,4
가면라이더 리바이스,4
폭상전대 분붐저,4
합법해적 파르페,4
사카데이,4
봄이 오면 꽃이 피고,4
유희왕 듀얼몬스터즈,4
메타포 : 리판타지오,4
"이착헌,괴담출근",4
공조살,4
히카루의 바둑,4
아이돌마스터 사이드엠,4
망각 배터리,4
마법 명가 차남으로 살아남는 법,4
마법명가 차남으로 살아남는 법 (마차살),4
망나니 PD 아이돌로 살아남기,4
빛과밤의사랑,4
"프로젝트 세카이,보컬로이드",4
"괴담출근,데못죽",4
CoC,4
다키스트 던전,4
메타포 리판타지오,4
역전재판5,4
마비노기,4
아머드코어6 루비콘의 화염,4
닌자보이란타로,4
퇴마록,4
가치아쿠타,4
해파리소녀,4
문송안함,4
천막의 자두가르,4
"너희들은 변호됐다,변호됨",4
사우스파크,4
월한강천록: 무림제일폐,3
"화산귀환,진혼기",3
쿠키런 킹덤,3
"가비지타임,슬램덩크",3
트라이건 스탬피드,3
마블,3
바이오하자드,3
bl,3
FGO,3
"의원,다시살다",3
"데뷔 못하면 죽는 병 걸림,데못죽",3
유희왕 브레인즈,3
아이카츠(아이엠스타),3
THE IDOLM@STER SideM(아이돌 마스터 사이드엠),3
문구,3
누이소품샵,3
"엘소드,제5인격,솜인형",3
페이트그랜드오더,3
유희왕 VRAINS,3
코드기어스,3
파이널판타지 14,3
더 킹 오브 파이터즈,3
파이널판타지16,3
위치즈하트,3
소닉,3
Nu: 카니발,3
베리드 스타즈,3
다크소울,3
"아이돌리쉬세븐,아이나나",3
아이돌리쉬7,3
유희왕GX,3
존윅,3
탑로더,3
데뷔 못 하면 죽는 병걸림,3
더 퍼스트 슬램덩크,3
from ARGONAVIS,3
Fate 시리즈,3
페이트/그랜드오더,3
Free!,3
전용.,3
마블코믹스,3
앙상블스타즈!,3
Fate/Samurai Remnant,3
"혈계전선,트라이건",3
TRPG,3
히로아카,3
슈퍼전대,3
신삼국,3
특촬,3
가면라이더 기츠,3
집이없어,3
탈(TAL),3
베리드스타즈,3
초심 잃은 아이돌을 위한 회귀백서,3
창작 일러스트,3
초심 잃은 아이돌을 위한 회귀 백서,3
"닌자보이 란타로,닌타마",3
코난,3
텐~천화거리의 쾌남아~,3
"데뷔 못 하면 죽는 병 걸림,괴담에 떨어져도 출근을 해야 하는구나",3
"록맨,메탈카드봇",3
솜인형 의상,3
오란고교,3
아이돌 마스터,3
미우404,3
기계전대 젠카이저,3
A3!,3
명문고 ex급 조연의 리플레이,3
룬의 아이들,3
가즈나이트,3
성황의 아이들,3
의다살,3
크툴루 게임 속 천재 마법사가 되었다(크법사),3
데뷔 못 하면 죽는 병 걸림(데못죽),3
민감한 대리님,3
키타로 탄생 게게게의 수수께끼,3
무해한 과일 친구들,3
트위스테,3
"괴담출근(괴담에 떨어져도 출근을 해야 하는구나),리제로(Re: 제로부터 시작하는 이세계 생활)",3
괴담 출근,3
인세인,3
마도서대전 TRPG 마기카로기아,3
명조,3
"원신,스타레일",3
리버스 1999,3
문호스트레이독스,3
터닝,3
메이플스토리,3
"괴담에 떨어져도 출근을 해야 하는구나,괴담출근,괴출",3
소울이터,3
체인소맨,3
Nu:카니발,3
콜오브듀티,3
리버스1999,3
닌자보이 란타로(닌타마),3
망아살,3
"괴담출근,괴담에 떨어져도 출근을 해야 하는구나",3
괴담에 떨어져도 출근은 해야하는 구나,3
썬더일레븐,3
코우노도리,3
귀멸의 칼날,3
100미터.,3
100m,3
베이블레이드,2
NU카니발,2
miu404,2
fate 시리즈,2
터무니없는 이야기,2
진혼기 반월당,2
프로젝트 세카이(프로세카),2
아이나나(아이돌리쉬 세븐),2
"데뷔못하면죽는병걸림,데못죽",2
인소의법칙,2
버튜버,2
임시,2
"블루록,문호 스트레이독스",2
"진혼기,어두운 바다의 등불이 되어",2
데뷔 못하면 죽는병에 걸림,2
얼어붙은 플레이어의 귀환,2
데뷔 못하면 죽는 병에 걸림,2
진혼,2
어두운 바다의 등불이되어,2
적국의 왕자로 사는 법,2
백작가의망나니가되었다,2
데뷔못하면죽음,2
데뷔못하면 죽는병에 걸림,2
"데뷔 못 하면 죽는 병 걸림,데못죽",2
내가 키운 S급,2
데뷔를 못하면 죽는 병 걸림,2
"1차 문구류,픽셀아트",2
창작인형,2
MIU 404,2
데못죽.플레이브,2
"슬램덩크,쿠로코의 농구",2
천마돌(천마는 아이돌이 되었다),2
"슬램덩크,네가죽어",2
인형,2
"명급리,슬램덩크",2
가히리,2
2024 조인허스 오리지널 엽서,2
의원다시살다,2
"천마는 아이돌이 되었다,천마돌",2
역전재판1~4,2
파이어엠블렘 풍화설월,2
단간론파 어나더,2
"프로젝트 세카이,프로세카",2
킹오브파이터즈,2
포켓몬스터SV,2
엘든 링,2
파이어 엠블렘 풍화설월,2
드래곤에이지,2
언더테일,2
드래곤 퀘스트 XI S 지나간 시간을 찾아서,2
데뷔못하면죽는병,2
아이돌리쉬 세븐 (아이나나),2
아이나나(아이돌리쉬세븐),2
데뷔못하면죽는병걸림 데못죽,2
데뷔 못 하면 죽는 병 걸림 (데못죽),2
데뷔 못하면 죽는 병,2
나의히어로아카데미아,2
문호와 알케미스트,2
FKMT,2
NU:Carnival,2
에리오스,2
"주술회전,도리벤",2
THE IDOLM@STER SideM(사이마스),2
도박묵시록 카이지,2
"플레이브,가비지타임",2
데뷔 못하면 죽는 병 걸림(데못죽),2
"역전재판,대역전재판",2
"주술회전,게토고죠",2
이나즈마 일레븐(썬더 일레븐),2
프로젝트 세카이 (프로세카),2
일타강사 백사부,2
슬램 덩크,2
비녀,2
"하이큐,슬램덩크",2
쿠베라,2
"아이카츠(아이엠스타),젤다의 전설",2
"유희왕  DM,유희왕 토에이",2
에리오스라이징히어로즈,2
페르소나 아이돌리쉬세븐 우마무스메,2
명문고ex급 조연의 리플레이,2
"창작,문구,공예",2
마블 코믹스,2
유희왕 고러시!!,2
페이트 시리즈,2
젠레스존제로,2
용기폭발뱅브레이번,2
from 아르고나비스,2
"주술회전,스파이패밀리",2
앙상블스타즈!!(앙스타),2
이세계 착각 헌터(이착헌),2
라빗 아트토이,2
죠죠의기묘한모험,2
누이 소품샵,2
"1차창작,쯔꾸르게임",2
패션,2
"프로젝트세카이,플레이브",2
팀 조인허스(JOIN_HUS) 오리지널 굿즈,2
COC,2
기동전사 건담 SEED,2
"어바등,공회주",2
솜인형,2
가면라이더 더블,2
탑건,2
가면라이더 류우키,2
수퍼내추럴,2
가면라이더 W(더블),2
집이 없어,2
진격의거인,2
1차 창작 캐릭터 위주의 정기 발간 회지,2
윈드 브레이커,2
"슬램덩크,가라오케가자",2
파판14,2
"괴수8호,사카모토데이즈",2
프로젝트 세카이 컬러풀 스테이지!,2
괴담출근 데못죽,2
"이세계 착각 헌터,괴담출근",2
"vs ambivalenz,비바렌",2
"이착헌,명급리",2
뉴단간론파V3,2
젠레스 존 제로,2
케이팝데몬헌터스 사카모토데이즈,2
케이팝 데몬 헌터스,2
페르소나 3,2
DC 코믹스,2
원펀맨,2
Lkyt.,2
델타룬,2
메타포:리판타지오,2
포켓몬스터 스칼렛·바이올렛,2
"해파리 소녀 : 스티커,키링,바다테마 레진아트 / 메론소다",2
킹덤,2
가면라이더 빌드,2
울트라맨 제트,2
"가면라이더,슈퍼전대",2
"데못죽,전독시",2
발로란트,2
플레이브 데못죽,2
문구류,2
"명탐정 코난,나루토",2
브리아노의 연구소,2
레뷰,2
18TRIP (에이트리),2
적국의 왕자로 사는 법 (적왕사),2
"열화요수,살파랑",2
"명문고 EX급 조연의 리플레이,명급리",2
마법명가 차남으로 살아남는 법(마차살),2
변경백 서자는 황제였다(변서황),2
아포칼립스엔 고인물이 필요해요,2
섭남파업,2
데뷔 못 하면 죽는병 걸림,2
"잔차품,열화요수,살파랑,묵독,진혼",2
괴담에떨어져도출근은해야하는구나,2
이누야샤,2
"헬루바보스,스티븐유니버스,아울하우스,앰피비아",2
게게게의 수수께끼,2
괴담에 빠져도 출근을 해야 하는 구나,2
섬유향수,2
"플레이브,이착헌",2
"프로젝트세카이,붕괴스타레일",2
"아카기,카이지",2
창작 캐릭터,2
윈브레 / 윈드브레이커,2
월드트리거,2
스타워즈,2
삼국지,2
카이지,2
충사,2
에일리언스테이지,2
DX3rd,2
더블크로스3rd,2
아론의 사제,2
크툴루의 부름(CoC),2
발더스 게이트,2
록맨,2
몬스터헌터,2
드래곤 에이지,2
악마집사와 검은고양이,2
러브앤딥스페이스,2
"전지적 독자 시점,괴담에 떨어져도 출근을 해야 하는구나",2
"보컬로이드,프로젝트세카이,홀로라이브",2
"플레이브,데못죽",2
"수공예,인형",2
"1차창작,봇치더락,블루아카이브",2
"괴담출근,이착헌,화산귀환,데못죽,플레이브",2
악입문,2
"탑로더,탑꾸",2
문과라도 안죄송한 이세계로 감,2
이터널리턴,2
기동전사 건담 철혈의 오펀스,2
백망되,2
sea,2
키타로 탄생 : 게게게의 수수께끼,2
잭잔느,2
"디지몬,하이큐",2
슬랭덩크,2
소년기의 끝,2
BYAKKO,2
마비노기 모바일,2
"닌타마 란타로,닌자보이 란타로",2
명문고 EX급 조연의 리플레이 (명급리),2
멸종위기동물 아트토이,2
가라오케가자,2
"히프노시스마이크,룰 더 스테이지",2
리버스: 1999,2
슬로우데미지,2
"슬램덩크,MCU",2
변경백 서자는 황제였다,2
괴담에 빠져도 출근을 해야하는구나,2
"괴담출근,플레이브",2
파라독스라이브(파라라이),2
건담,2
오리지널 캐릭터,2
100M,2
오버워치2,2
트위스티드 원더랜드,2
아이돌 마스터 SideM,2
"탑꾸,탑로더",2
"히프노시스 마이크,히프노시스마이크",2
만달로리안,2
"닌자보이 란타로,고깔모자의 아틀리에",2
"괴담출근,케데헌,오란고교,달빛천사,헌터헌터,원피스",2
변호됨,2
"괴담출근,변호됨",2
아이돌마스터 SideM,2
"포켓몬스터,헌터 X 헌터",2
100m(백미터),2
100m(햐쿠엠),2
F1,2
"괴담에 떨어져도 출근을 해야 하는구나,괴출",2
HUNDRED LINE -최종방위학원-,2
슬램덩크 데못죽,1
"가비지타임,화산귀환",1
"프로세카,가비지타임",1
창작커플(1차),1
버튜버(모로스),1
"슬램덩크,더 퍼스트 슬램덩크",1
배트맨,1
프로젝트 세카이 / 앙상블 스타즈,1
"명탐정 코난,대역전재판",1
"명급리,슬램덩크,가비지타임",1
스타워즈 탑건 슬램덩크,1
가비지타임 세포신곡,1
"무기미도,화산귀환",1
"파라라이,꿈왕국,마호야쿠",1
"가비지타임,전독시",1
"죠죠의 기묘한 모험,헌터X헌터,포켓몬",1
"마블,스어유,신비한 동물사전,슬램덩크,드라마",1
"할로우나이트,산나비,가비지타임,프로젝트세카이,하츠네미쿠,화산귀환,데못죽",1
"니지산지,레볼루션 하트",1
"솜인형 소품샵 5,10,5cm +사람소품도있어요",1
달빛아래,1
우타프리,1
"앙스타,플레이브",1
슬램덩크 한드,1
"프로세카,프로젝트 세카이",1
"진혼기,명급리,백망되",1
"도리벤,가비지타임,카리스마",1
"전지적 독자 시점,최애의 아이",1
오페라의 유령,1
"스플래툰,반월당의 기묘한 이야기",1
가비지타임 (갑탐),1
"반월당의 기묘한 이야기,베리드스타즈,앙상블스타즈,카리스마",1
"플레이브,스파이더맨,슬램덩크,니지산지",1
"페이트 그랜드오더,히프노시스마이크",1
"엘소드,제5인격,페르소나 5,솜인형",1
진여신전생3,1
"프로젝트세카이,마법사의 약속",1
스파이더맨,1
"역전재판 시리즈: 역전재판 후기,대역전재판,역전검사",1
"내스급,가비지타임",1
오모리,1
가비지타임 헌터헌터,1
슬램덩크,1
플레이브 슬램덩크,1
오리지널 1차 수공예 책상꾸미기 소품 키링 오브제(푸딩 거북이 당고),1
"니지산지,엘소드",1
"Fate 시리즈,명탐정 코난",1
"트라이건,트라이건 맥시멈,트라이건 스탬피드",1
"화산귀환,약속의 네버랜드",1
"원피스,화산귀환",1
"명탐정 코난,닥터스톤",1
0,1
"니지산지 JP,모브사이코100",1
"가비지타임,플레이브,주술회전",1
명일방주 플레이브 데뷔못하면죽는병걸림,1
"명급리,프로세카",1
TRIGUN,1
"슬램덩크,겁쟁이페달",1
"트라이건,혈계전선",1
Nu Carnival,1
"진혼기,나루토",1
"뜨개소품,탑로더",1
세포신곡.,1
"전지적 독자 시점,진혼기",1
데뷔못하면 죽는 병걸림,1
"문과라도 안 죄송한 이세계로 감,어두운 바다의 등불이 되어",1
"크툴루 게임 속 천재 마법사가 되었다(크법사),이번 생은 우주 대스타(이생우),죽은 신의 성기사(죽신성),의원 다시 살다(의다살),어두운 바다의 등불이 되어(어바등)",1
"의원,다시 살다 (의다살)",1
"화산귀환,이합화타적백묘사존",1
문과라도 안 죄송한 이세계로 감(정수읠),1
패션(Passion),1
"의원,다시 살다(의다살) / 진혼기",1
데뷔 못하면 죽는 병 걸림 / 데못죽,1
"화산귀환,SKT(스왈로우 나이츠 테일즈)",1
"명급리,문송안함,어바등",1
데뷔 못하면 죽는 병걸림,1
x,1
"화산귀환,삼국지",1
이영도 소설,1
"잔차품,묵독,열화요수,살파랑",1
"화산귀환,데못죽,전독시 등",1
매직 미니윙,1
데뷔못하는 죽는 병 걸림,1
왕은웃었다 길라잡이의등불,1
어두운바다의등불이되어(어바등),1
크툴루 게임 속 천재 마법사가 되었다,1
"진혼기,어두운 바다의 등불이 되어(어바등)",1
"살파랑,육효",1
이합화타적 백묘사존,1
데뷔 못하면 죽는 병 걸림/데못죽,1
"나혼렙,나혼자만레벨업",1
"전독시,데못죽,내스급",1
데뷔 못 하면 죽은 병에 걸림,1
데뷔 못하면 죽는 병 걸림 (데못죽),1
"길라잡이의 등불,진혼기,반월당의 기묘한 이야기",1
"내가 키운 S급들,반지의 제왕",1
"진혼기,반월당의 기묘한 이야기",1
"화산귀환,데뷔못하면죽는병",1
이합화타적백묘사존(2ha),1
로판,1
"의원,다시 살다 / 의다살",1
"화산귀환,전지적 독자 시점",1
데뷔못하면죽는병에걸림,1
내가키운에스급들,1
"월야환담,내가 키운 S급들",1
"잔차품,살파랑",1
"데못죽,화산귀환,전독시,백망되",1
"내스급,데못죽",1
"터닝,화산귀환,내가키운S급들,패션",1
"일타강사 백사부,데뷔 못 하면 죽는 병 걸림",1
이번생은 우주대스타,1
"적왕사,진혼기",1
영화 존윅,1
"사이키 쿠스오의 재난,천지창조 디자인부,갈릴레오 시리즈",1
핸드메이드 위빙 매트,1
앨런 웨이크,1
닌텐도 장르,1
니지산지 버튜버,1
"아이나나,세포신곡",1
"MIU404,가비지타임",1
"도쿄리벤저스,플레이브",1
네가 죽어,1
"마블,마블코믹스,MCU",1
"가비지 타임,최후의 금빛아이,프로메어",1
"데뷔못하면죽는병걸림,가비지타임",1
"반월당,진혼기",1
"진혼기,카리스마",1
"사이퍼즈,로스트아크,수공예",1
퍼스트 건담,1
"마블,슬램덩크,콜 오브 듀티,발더게3",1
"슬램덩크,화산귀환",1
"마법사의 약속(마호야쿠),아이돌리쉬 세븐(아이나나)",1
솜인형 소품샵입니다❣️,1
써지컬 안경줄/귀걸이/비녀,1
"파판14,마호야쿠",1
"스플래툰,플레이브,프로세카",1
Nu:carnival,1
"에우리디케는 없다,계약아빠",1
"회색도시,사이퍼즈",1
내가키운 s급,1
Final Fantasy14(파이널판타지14),1
솜인형 + 솜인형 악세사리 + 수공예품,1
버츄얼 유튜버,1
내가키운 s급들,1
"나루토,파판14,은혼",1
슬기로운 문명생활,1
Marvel,1
흡혈귀는툭하면죽는다,1
"가히리,슬램덩크",1
"헌터x헌터,슬램덩크,진격의 거인",1
"해리포터,디즈니,전독시,마블",1
버튜버(니지산지),1
니지산지 JP,1
DIGIMON ADVENTURE(디지몬 어드벤처),1
도쿄 에일리언즈,1
"아이나나,가비지타임,슬램덩크",1
"프로젝트 세카이,아이돌리쉬 세븐",1
어두운 바다의 등불이 되어/프로젝트 세카이,1
"유희왕 ZEXAL,명탐정 코난",1
"아이돌리쉬세븐,쇼바이락,리그오브레전드,앙상블스타즈",1
슬램덩크 던전밥 주술회전,1
오리지널 창작 문구 굿즈 / 카리스마 하우스,1
핑크파라다이스,1
창작 뜨개인형,1
"데못죽,가비지타임,전독시,슬램덩크",1
"카리스마,주술회전",1
"앙상블스타즈,아이돌리쉬 세븐",1
"명탐정 코난,쿠키런",1
건담시드,1
"유희왕,뉴 단간론파 v3",1
"Fate,FGO,원탁의 기사",1
기동전사 건담 수성의마녀,1
레진아트,1
포켓몬(5세대),1
"회색도시,발더스게이트3",1
보더랜드3,1
"원신,아틀리에 시리즈",1
"역전재판 후기,대역전재판",1
섬의 궤적,1
"박앵귀,페이트/그랜드 오더",1
무색의카이나,1
킹 오브 파이터즈,1
"록맨,제5인격",1
더 킹 오브 파이터즈 XV,1
"발더스 게이트3,콜 오브 듀티,레드 데드 리뎀션 2,위쳐3,디트로이트 비컴 휴먼",1
"Fate/Samurai Remnant,프로젝트 세카이",1
데바데,1
"산나비,슬램덩크,리쎌컴퍼니,주술회전",1
"마비노기,발더스 게이트3,리틀 나이트메어",1
"에반게리온,스플래툰,록맨,미쿠,페르소나",1
마법사의 약속(마호야쿠),1
에이펙스 레전드,1
ULTRAKILL,1
프롬소프트웨어,1
"드래곤에이지,매스이펙트,파이널판타지14",1
슈퍼로봇대전OG 문 드웰러즈,1
"파이널판타지 14,발더스 게이트 3",1
"페르소나3,4",1
"발더스 게이트3,fkmt",1
Fate/grand order,1
파이어 엠블렘 : 풍화설월,1
페르소나 5  로열,1
"영원한 7일의 도시,FF14,세포신곡",1
데스티니가디언즈2,1
데빌메이크라이,1
"파이어엠블렘 풍화설월,무기미도",1
더 킹 오브 파이터즈 (KOF),1
Fate/Grand Order (페그오),1
"페이트 그랜드 오더(페그오),엘소드",1
"페르소나 시리즈,별의 커비",1
"포켓몬,명일방주,발더스게이트3",1
ZENO (마루토쿠키치),1
"페르소나,마루토쿠 시리즈",1
1차창작 쯔꾸르 게임,1
NU:카니발,1
"오버워치,발더스 게이트 3",1
"버튜버,앙상블스타즈,프로젝트세카이",1
슈퍼로봇대전,1
"데스티니 가디언즈 2,프로젝트 세카이",1
"프로젝트 세카이,스플래툰",1
소닉더헤지혹,1
앙스타!!,1
"아이나나,아이돌리쉬세븐",1
"아이돌리쉬세븐(아이나나),히프노시스마이크(히프마이)",1
"아이돌리쉬세븐,아이나나,IDOLiSH7",1
"아이나나,앙스타,플레이브등",1
앙상블 스타즈(앙스타),1
"프로세카,데못죽",1
앙상블 스타즈!!(앙스타),1
DIG-ROCK,1
노래의 왕자님(우타프리),1
PLAVE,1
"히프노시스 마이크,카리스마하우스",1
앙상블스타즈 뱅드림,1
데뷔못하면 죽는병걸림,1
"앙상블 스타즈(앙스타),프로젝트 세카이(프로세카)",1
하나돌,1
아이돌 마스터 밀리언 라이브! 시어터 데이즈 (밀리시타),1
아이카츠 스타즈,1
드래곤볼GT,1
"데뷔못하면죽는병걸림,패션(BL)",1
CoC7th_TRPG,1
"포켓몬,프세카,플레이브",1
"데뷔 못 하면 죽는 병 걸림,가비지타임",1
"데뷔 못하면 죽는 병 걸림,천관사복",1
"프로젝트 세카이,가비지타임",1
더 게이머. 의다살,1
"니지산지,스타레일",1
반월당 진혼기,1
전독시 데못죽,1
"슬램덩크,아이나나",1
"창작,파이어 엠블렘 풍화설월",1
"살파랑,천관사복,진혼기,블랙배저",1
"블랙배저,나루토",1
식물헬멧,1
"콜 오브 듀티,발더스 게이트 3,슬램덩크",1
랭커를 위한 바른 생활 안내서,1
"꿈왕국,트위스테,파라라이",1
"의원 다시 살다,의다살",1
패션(PASSION),1
"데못죽,블루록",1
소설,1
"슬램덩크,데못죽",1
창작부스,1
"원신,앙스타",1
핸드메이드,1
변방의 외노자,1
문호 스트레이 독스,1
쿠키런킹덤,1
ㅁ,1
롤(리그 오브 레전드),1
꿈왕국과 100명의 왕자님,1
"전자적 독자 시점,전독시",1
"주술회전,트라이건,도쿄리벤저스,죠죠의기묘한모험",1
나혼렙,1
수공예품,1
프로젝트 세카이 컬러풀스테이지 feat.하츠네 미쿠,1
"신데마스,은혼",1
"가비지타임,내가키운S급들,데뷔못하면죽는병걸림",1
"아카기,히스토리에",1
캐릭터 문구,1
"창작일러스트,창작시집,레진공예,매듭공예,수공예",1
프로젝트 세카이 컬러풀 스테이지! feat.하츠네 미쿠.,1
프로젝트세카이 피처링하츠네미쿠,1
1차 창작 문구 일러스트,1
"파라라이,아이나나",1
"명급리,진혼기",1
"엘소드,전지적 독자시점",1
"에일리언 스테이지(에이스테,alien stage)",1
"전독시(전지적독자시점),데못죽(데뷔못하면죽는병걸림)",1
"블루 자이언트,데빌드롭",1
"탈(TAL),유희왕",1
반월당의기묘한이야기,1
울트라맨 시리즈,1
니지산지EN,1
MIU404 파이널판타지14,1
"아이돌리쉬세븐,슬램덩크",1
"로드 오브 히어로즈(로오히),블루 자이언트",1
CLAMP X,1
1차BL,1
"명일방주,페이트/그랜드오더",1
"에반게리온,록맨,스플래툰",1
위닝샷,1
슬램덩크/가비지타임,1
하이큐.슬램덩크,1
슬램덩크 / 가비지타임,1
"슬램덩크,가비지타임,하이큐",1
"슬램덩크,하이큐",1
"가비지타임,하이큐",1
"쿠로코의 농구,슬램덩크",1
가비지타임 / 하이큐,1
"하이큐,블루록",1
ㅇㅇ,1
Free! (프리),1
"마비노기,언데드 언럭",1
유희왕 5D'S,1
플레이브.데못죽,1
"샹치와 텐링즈의 전설,명탐정코난",1
"모브사이코 100,화산귀환,데뷔 못 하면 죽는 병 걸림",1
"가비지 타임,앙스타",1
"FGO,Fate",1
"콜 오브 듀티,마블,슬램덩크 등",1
키타로탄생게게게의수수께끼,1
풍화설월 파이어엠블렘,1
"신비한 별의 쌍둥이 공주,던전밥,골든카무이",1
"아이나나,명일방주,스타레일",1
걸즈밴드크라이,1
From Argonavis,1
윈브레(윈드브레이커),1
"용과같이,페이트 사무라이 렘넌트",1
1차 창작 일러스트,1
사카데이 윈드브레이커,1
프로젝트 세카이 (프세카),1
아이돌 마스터 샤이니 컬러즈,1
"슬램덩크,플레이브",1
Fate grand order,1
포밍이와 친구들,1
콜 오브 듀티 모던 워페어 리부트 / 고스트,1
MILGRAM,1
BL,1
"웹소설,하이큐",1
FATE GRAND ORDER,1
내가키운s급,1
"마법사의 약속,페이트,창작,18trip",1
"스타워즈,슬램덩크",1
"명일방주,명조",1
윈브레(WINBRE),1
"솜인형,수공예",1
헌터헌터 윈브레,1
from Argonavis,1
불리가살,1
"캐릭캐릭체인지,카드캡터체리,슈가슈가룬",1
FGO(페이트 그랜드 오더),1
"우마무스메,nu 카니발",1
기동전사건담 시리즈,1
아머드코어,1
"골든카무이,주술회전",1
"화산귀환,윈브레,괴수8호",1
"가비지타임,화산귀환,플레이브,슬램덩크,전지적독자시점,아이돌리쉬세븐,명탐정코난",1
"원신,주술회전(게토x고죠),니지산지(로렌이로아스,아키나,후와미나토)",1
fate grand order,1
회귀자 멱살잡고 데뷔합니다.,1
마작,1
스플래툰3,1
도망을 잘 치는 도련님,1
아르고나비스프롬아르고나비스키미가미타스테이지에=키미스테,1
"명탐정 코난,주술회전",1
free!,1
"스타트렉,셜록",1
"픽셀아트,문구류",1
"가비지타임,역전재판,앙상블 스타즈",1
trpg (coc),1
"플레이브,가비지타임,화산귀환",1
트랜스포머 프라임,1
X,1
오리지널(1차창작),1
이세계 냥변,1
콜린스가의 유산,1
소라의 언어,1
"버디 미션 BOND,역전재판",1
이나즈마일레븐 go,1
"아이돌리쉬 세븐,명문고 EX급 조연의 리플레이",1
유희왕 5DS,1
아이실드 21,1
"마블,슬램덩크,콜 오브 듀티",1
금붕어,1
"가비지타임,문과라도 안 죄송한 이세계로 감",1
메이드 아가씨,1
햄스터 창작 캐릭터,1
좀비시드,1
"화산귀환,플레이브",1
"아이돌리쉬세븐,에일리언 스테이지,가비지 타임",1
"레진 키링,요술봉",1
더퍼스트 슬램덩크,1
"윈브레,슬램덩크",1
트랜스포머 비스트워즈,1
"던전밥,블루아카이브,오란고교호스트부",1
"포밍이와 친구들,무스",1
"수공예,레진공예,가죽공예,마크라메,창작시집",1
소시민 시리즈,1
"닌타마 란타로,멋진 징조들+루시퍼(크로스오버),모브사이코100",1
오디세이아,1
"테일즈런너(국민캐주얼레이싱온라인PC게임),울트라맨 긴가S",1
발더스게이트 3,1
"윈브레,하이큐",1
천관사복 & 창작,1
"발더스게이트 3,데스티니 가디언즈2",1
"오버워치,프롬 소프트웨어 게임",1
"도쿄리벤져스,오리지널",1
CoC(trpg),1
"에반게리온,은혼",1
"블루아카,블리치,길티기어",1
Myully(오리지널),1
"사이퍼즈,하이큐",1
"발더스 게이트 3,엘든링",1
"트랜스포머,역전재판,대역전재판,발더스 게이트 3,페르소나 5",1
우레탄 레진으로 만든 작고 귀여운 동물캐릭터 피규어 인형,1
"포켓몬,스타레일,원신",1
"레진아트,탑로더",1
오란고교호스트부,1
"가면라이더,전대",1
가면라이더 에그제이드,1
특수촬영물(가면라이더 등),1
가면라이더 오즈 부활의 코어메달,1
왕님전대 킹오쟈,1
파묘,1
파워레인저 킹덤포스,1
임금님전대 킹오쟈(파워레인저 킹덤포스),1
Guardians Of The Galaxy,1
가면라이더 지오,1
"구미호뎐,구미호뎐1938",1
"공포 영화,미드,스타워즈",1
VIVANT,1
"가면라이더 리바이스,가면라이더 기츠",1
가면라이더 블레이드,1
범죄도시4,1
"전대,가면라이더",1
D.P.,1
임금님전대 킹오저(파워레인저 킹덤포스),1
똑 닮은 딸,1
구주의 시간,1
언더프린,1
나쁜마법사의꿈,1
나윤싫,1
"질풍기획,집이없어,전자오락수호대",1
어서오세요 305호에!,1
신의탑,1
마마마,1
"닌타마,은혼,사이키쿠스오의재난,가라오케가자,파미레스가자",1
나루토 은혼 괴담출근,1
하이큐 오란고교 나츠메 괴담출근 니지산지 은혼 히로아카,1
무협창작지,1
인형용 잔디밭 매트,1
창작만화,1
판타지 수학대전,1
서뱀프,1
마법명가 차남으로 살아남기,1
러브 앤 딥스페이스,1
페이트 사무라이 렘넌트,1
"은혼,창작문구(오리지널)",1
오오에 / 닌타마,1
"어바등,명급리,데못죽",1
프로젝트 세카이(보컬로이드),1
페르소나/헌터x헌터/나루토,1
레진공예 키링,1
"아카기,카이지,겁쟁이페달",1
역전검사 2 (역전재판 시리즈),1
악마에 입문했습니다 이루마군,1
"퇴마록,언데드 언럭",1
음합엔진,1
"회색도시,베리드스타즈,더크리처",1
1차 창작 솜인형과 악세사리,1
"회색도시,대역전재판",1
"괴담출근,케데헌",1
새로운 상사는 귀여운 허당,1
"괴담출근,페르소나",1
무해한 과일친구들,1
"역전재판,죠죠의 기묘한 모험",1
유희왕 VRIANS,1
슬로우 데미지,1
1차 오리지널 창작,1
"히카루가 죽은 여름,니지산지,고전애니,스타레일",1
"은혼,원피스",1
몽키키드,1
Fate/Grand order,1
최후의 금빛아이,1
"이세계 착각 헌터,배트맨",1
"엘소드,리그오브레전드,괴담출근",1
타입문,1
검은방회색도시베스타,1
"회색도시,검은방",1
"이니셜디d,1차창작",1
이니셜d,1
"세포신곡,인사반파자구계통",1
Nu: carnival,1
"유희왕(DM/GX/5Ds/Zexal),요철세계",1
"회색도시,페르소나",1
"명문고 EX급 조연의 리플레이,괴담에 떨어져도 출근을 해야 하는구나",1
루오와 친구들,1
"데뷔 못하면 죽는 병 걸림,가비지타임",1
"프로젝트 세카이,역전재판",1
"트랜스포머,스타워즈",1
어두운바다의 등불이되어,1
"블루록,페이트/그랜드 오더",1
"베리드 스타즈,골든카무이,회색도시1,2",1
"검은방,회색도시,베리드 스타즈",1
키미가시네,1
하이큐 괴수8호,1
"용과같이,신이말하는대로",1
마법사의 약속 마호야쿠,1
"페이트 시리즈,괴담출근",1
초심잃은아이돌을위한회귀백서,1
남궁세가 무사님이 로판에서 환생했다,1
프세카 에이스테,1
"괴담출근,전지적독자시점",1
"괴수8호,헌터X헌터,사이키 쿠스오의 재난",1
일리아스,1
란마1/2,1
"봇치더록,케이온 / 보컬로이드,포켓몬",1
프세카/보컬로이드,1
Banana Fish,1
아이돌리쉬세븐 아이나나 i7,1
Scp재단,1
"패션(PASSION),패션 라가(PASSION RAGA)",1
BLEACH,1
"다크소울,위쳐,파이널판타지14",1
"오버워치,블리치",1
유희왕 GX,1
술탄의게임,1
"오오에,고서점가의하시히메",1
"오오에,이착헌",1
노리개,1
유희왕GX / A5,1
"ADELTA(울트라씨,오오에)",1
레진키링 탑로더,1
"오오에,니지산지",1
슈가슈가룬,1
"명탐정 코난,헌터헌터,나루토",1
메타포: 리 판타지오,1
"발더게3,프롬게임,드래곤에이지",1
"이세계 착각 헌터,괴담에 떨어져도 출근을 해야 하는구나,화산귀환",1
키타로의 탄생 게게게의 수수께끼,1
"히프노시스 마이크,역전재판",1
"윈브레,은혼",1
"스티커,다꾸 굿즈",1
"헌터×헌터,오버워치",1
음성합성엔진,1
나꽁아꽁,1
"괴담출근,이착헌,데못죽,케데헌",1
사이키 쿠스오의 재난,1
"플레이브,피크민",1
와야마 작가님 작품,1
붕괴 : 스타레일,1
가비지타임/다이아몬드에이스,1
타임 란도셀 - 2026 캘린더,1
가라오케가자/파미레스가자,1
페르소나4 골든,1
거침없이 하이킥!,1
"에반게리온,봇치더락,리리무",1
"봇치 더 락,단간론파",1
여러 장르 연합 부스,1
뮤지컬 리지,1
발더스게이트3 발더게3,1
페르소나3포터블,1
"앙상블 스타즈,오오에",1
보컬로이드 가비지타임,1
"오버워치,파이널판타지",1
Vocaloid,1
뱅드림 마이고/아베무지카,1
나인 솔즈,1
"솜인형,제5인격,엘소드,페르소나",1
"오오에,프리파라,핸드메이드",1
STRIPES(스트라입스),1
도트,1
게게게의키타로,1
"히프노시스마이크,오오에",1
메탈카드봇,1
"Trpg,인세인",1
"인세인,마기카로기아,시노비가미",1
파라독스라이브,1
세븐틴 우마무스메,1
가면라이더 스트롱거,1
가면라이더 오즈 10th 부활의 코어메달,1
"가면라이더 지오,가면라이더 빌드",1
폭상전대 분붐쟈,1
BBC셜록,1
"가면라이더 가브,폭상전대 분붐쟈",1
"문나이트,씨너스",1
토에이 특촬,1
"브래드 피트,가면라이더 오즈,스타워즈,엑스맨",1
임금님 전대 킹오져,1
임금님전대 킹오저/가면라이더 가브,1
데드풀과 울버린,1
가면라이더 세이버,1
베스트 키드,1
이제훈 필모그래피,1
"특촬,가면라이더 류우키",1
Miu404,1
가면라이더 가이무,1
임금님전대 킹오저,1
"팔콘과 윈터솔져,캡틴아메리카 브레이브 뉴 월드,썬더볼츠*",1
가면라이더 시리즈,1
미우 404,1
파이트클럽,1
가면라이더 디케이드,1
신참자,1
"기계전대 젠카이저,가면라이더 리바이스",1
"빨강,파랑,어쨌든 찬란(영화)",1
"가면라이더 지오,가면라이더 위자드,가면라이더 더블",1
가면라이더 고스트,1
스타트렉 AOS,1
크리미널마인드,1
"울트라맨 루브,염신전대 고온저",1
"약한영웅,두마리를 위한 뜰,평행도시",1
데뷔를 못하면 죽는병 걸림,1
도자기 수공예,1
타이니트래블러,1
"무기미도,보컬로이드",1
사카모토,1
"슬램덩크,패션",1
"위빙 기법을 사용하여 제작한 수제 매트를 판매합니다. 여름의 푸릇한 잔디를 닮은 잔디밭 위빙 매트,눈길 위에 뽀작뽀작 남은 발자국을 표현한 발자국 위빙 매트 등을 판매해요.",1
"진혼기,플레이브",1
데못죽/가비지타임,1
기타,1
슬램덩크 전독시,1
"에반게리온,스플래툰",1
"파판14,작혼,블루록,아카기,피크민",1
"카리스마,아이돌리쉬세븐",1
"공회주,어바등",1
베놈,1
다이에이,1
귀멸,1
동물의 숲,1
읜브레,1
유가미 군은 친구가 없다,1
"블러디 메리,블러디 메리",1
"사카모토 데이즈,슬램덩크,체인소맨",1
가정교사 히트맨 REBORN!,1
"어두운 바다의 등불이 되어,플레이브",1
역전재판 후기,1
디지몬 테이머즈,1
프로젝트 세카이 컬러풀 스테이지! feat.하츠네 미쿠 (프로세카),1
"윈드브레이커,윈브레",1
"콜 오브 듀티,오버워치",1
햄스터 캐릭터,1
"역전재판,MIU404",1
"니지산지,에일리언 스테이지",1
토로와 로토 / 저세상 악마들,1
리그 오브 레전드,1
게게게노 키타로,1
로드 오브 히어로즈 로오히,1
"슬램덩크,유희왕,죠죠",1
명급,1
"은혼,데스노트,닌자보이 란타로,어두운 바다의 등불이 되어",1
역전재판 4,1
"수공예,일러스트,시집",1
"신삼국,곤투모로우",1
"데못죽,괴담출근,전독시",1
프로젝트 세카이 피쳐링 하츠네미쿠,1
이런영웅은싫어,1
"보컬로이드,블루록,포켓몬스터",1
"페르소나3,나루토",1
"언데드 언럭,페어리테일",1
"프로젝트 세카이,데뷔 못하는 죽는 병 걸림,가비지타임",1
동경과거짓말,1
개구리중사케로로,1
"데바데,은혼",1
"윈브레,화산귀환",1
페르소나5R,1
프로젝트 세카이 컬러풀 스테이지 피쳐링 하츠네 미쿠,1
"전지적독자시점,명탐정코난",1
"화산귀환,원피스,하이큐",1
주인공이 컨셉충이면 곤란한가요,1
1차 창작 (오리지널 캐릭터),1
"화산귀환,카리스마 하우스,히프노시스 마이크",1
"기동전사 건담 00,죠죠의 기묘한 모험",1
"가비지타임,은혼,창작",1
"해리포터,위키드",1
"페이트/그랜드 오더,페르소나,파이널판타지14",1
역전재판 456,1
"윈드브레이커,가비지타임",1
"유희왕(G/Z/A),명급리",1
"죠죠의 기묘한 모험,원피스,발더스 게이트 3,악마집사와 검은 고양이",1
조인허스 2024 신작 엽서 및 단편,1
"하이큐,명탐정코난",1
주술회전 사카모토 데이즈,1
민감한 대리님(민대리),1
회귀자 사용설명서,1
글램핑,1
용의자 X의 헌신,1
"데못죽,블랙배저,문송안함",1
ㅇ,1
이번 생은 우주대스타,1
"내가 키운 S급들,블랙배저",1
데뷔하면 죽는 병 걸림,1
"의원,다시 살다(의다살)",1
이런 환생은 원치않아,1
전독시 명급리,1
크툴루게임 속 천재마법사가 되었다 (크법사),1
패스파인더 랭커를위한 바른생활안내서,1
"공작님,회개해주세요",1
블랙 배저,1
"묵독,잔차품",1
"명급리,화산귀환",1
던전을 그리는 화가 (던그화),1
창조주의편애법,1
화산귀한,1
"화산귀환,천마돌",1
"<내가 키운 S급들>,<전지적 독자 시점>을 포함한 웹소설",1
김 대리는 아이돌이 싫어(김아싫),1
"명문고 EX급 조연의 리플레이,이세계 착각 헌터",1
"반월당의 기묘한 이야기,데뷔 못하면 죽는 병 걸림",1
마법명가차남으로 살아남는 법,1
내가 키운 s급,1
"적왕사,마차살",1
"나혼렙,나 혼자만 레벨업",1
트리니티블러드,1
"전지적 독자 시점,초심 잃은 아이돌을 위한 회귀 백서",1
무당기협,1
묵향장르(천관사복),1
"괴담출근,화산귀환",1
공포소설 속 조연은 사람으로 살고싶다,1
데뷔 못하면 죽는병걸림,1
아킬레우스의 노래,1
마법명가차남으로 살아남는법,1
에이티식스,1
"전독시,명급리",1
"전지적독자시점,내가키운S급들",1
"천관사복,화산귀환,데못죽",1
"살파랑,열화요수",1
빌런에게도 사연이 있다,1
"데뷔 못하면 죽는병 걸림,데못죽",1
내스급 & 데못죽,1
명문고EX급조연의리플레이,1
룬의아이들,1
공포 소설 속 조연은 사람으로 살고 싶다.,1
"화산귀환,천관사복",1
"픽셀아트,문구",1
"사카모토데이즈,하이큐",1
가정교사 히트맨 reborn,1
"체크 위빙 매트,잔디밭 위빙 매트",1
솜인형 옷장,1
화산,1
괴수8호 사카모토데이즈,1
키링,1
야냐의 간격,1
"블루록,던전밥",1
"프로젝트세카이,포켓몬스터 스바",1
"오리지널 창작 1차 굿즈,괴담출근",1
마블 로키,1
"에이펙스 레전드,발더스게이트3,몬스터헌터,데스티니 가디언즈(데스티니2) 등등 게임장르 위주 + 창작 굿즈",1
"괴담출근,진격의 거인",1
"명탐정 코난,은혼",1
"이세계 착각 헌터,헌터x헌터",1
미스터리 방학 시리즈 (오리지널 단편 트윈지),1
오리지널 1차 창작,1
공예,1
WINDBREAKER,1
윈브레 (WINDBREAKER),1
마블 시네마틱 유니버스(MCU),1
니지산지JP,1
"프롤로그 스토리,천관사복",1
약사의 혼잣말,1
"콜오브듀티,오버워치,스파이더맨 어크로스 더 유니버스",1
룩백,1
슈퍼 단간론파 어나더,1
윈드브레이커(일본만화),1
"데못죽,플레이브,괴담출근,이착헌",1
백합,1
"탑로더,탑꾸,키링",1
"마법사의 약속,오오에",1
신도야근을하나요,1
"포밍이와 친구들,바닷속 친구들",1
ㅊㅅㅇㅁ,1
"Fate/Grand Order,마법사의 약속",1
윈브레(WIND BREAKER),1
원신 및 스타레일,1
카르멘의 순애보,1
FGO 페이트 그랜드 오더,1
"특촬,가면라이더 류우키,가면라이더 가브",1
"프로젝트 세카이(프세카),역전재판",1
전자오락수호대,1
이나즈마일레븐GO,1
"대니팬텀,회색도시,이세계착각헌터,데못죽",1
WIND BREAKER(WINBRE/윈브레),1
갈릴레오 시리즈,1
마법소녀,1
"유희왕,메타포,페그오",1
솜인형 / 솜인형 악세사리,1
도박패왕전제로,1
"닌타마 란타로,이세계 착각 헌터",1
"슬램덩크,페르소나",1
동방프로젝트,1
데못죽 플레이브,1
"젤다의 전설,아이카츠(아이엠스타),발더스게이트3",1
쿠로코의농구,1
"원피스,코난 등",1
"슬램덩크,주술회전",1
"가비지타임,가부키초 배드트립 이케다와 리오",1
"히프노시스 마이크,히프스테(룰 더 스테이지)",1
에반게리온,1
윈드브레이커 (윈브레),1
"우마무스메,앙스타",1
Fkmt,1
"해리포터,퇴마록,위키드",1
거침없이 하이킥,1
모브 사이코 100,1
"GANGSTA.(갱스타,갱스터)",1
"트랜스포머,별의 커비,포켓몬스터,이세계 착각 헌터",1
"Fate/Grand Order,니지산지",1
바다토끼 릴리,1
"플레이브,프로젝트세카이",1
자이언트 로보,1
"전독시,내스급",1
바다소품,1
18trip (에이트리),1
"봇치더록,우마무스메,창작GL",1
Blue Giant,1
가면라이더 스피리츠,1
블랙스타 시어터 스타레스,1
마법 명가 차남으로 살아남는법,1
오리지널 창작 1차 굿즈,1
"1차 음반,스티커",1
더 킹오브 파이터즈,1
"괴담출근,데못죽,의원다시살다,화산귀환",1
도쿄에일리언즈,1
"단간론파,괴수 8호,아이돌마스터,보컬로이드,할로우나이트",1
"붕괴:스타레일,오오에,니지산지",1
7인의 카리스마,1
"건담,기동전사건담 지쿠악스",1
기동전사 건담 시드,1
"페어리테일,나루토",1
블루록 가히리,1
학교에서 있었던 무서운 이야기,1
새로운상사는귀여운허당,1
볼택션(버튜버),1
"Gravityfalls,헌터×헌터",1
"DX3rd,CoC",1
Call of Cthulhu 7th,1
"크툴루의 부름,더블크로스 3rd,기타",1
"인세인,창작 룰,미니 RPG",1
겁스,1
"더블크로스 3판,마기카로기아",1
"더블크로스,둘이서수사,블러드패스",1
"언성 듀엣,더블크로스",1
다이스타워,1
모험기획국 인세인 inSANe,1
"취록의 플로리아,플레지위치,컴즈,주사위",1
마모노 스크램블,1
크툴루의 부름 7판,1
자작룰,1
"더블크로스 3rd,키즈나불릿",1
드라크루쥬,1
COC 크툴루의 부름,1
DX3,1
Call of Cthulhu 7판,1
"주인감염,언성듀엣",1
"DnD,디앤디,던전 앤 드래곤",1
inSANe,1
광쇄의 리벌처,1
"언성 듀엣,마기카로기아",1
아리안로드 RPG 2E,1
"인세인,시노비가미",1
카미가카리,1
"크툴루의 부름,시노비가미,블루밍하우스 만화",1
"프린세스월드,CoC,인세인",1
던전 앤 드래곤,1
멀티 장르 호러 TRPG inSANe 시나리오,1
신화창세RPG 아마데우스,1
DoubleCross the 3rd Edition,1
"마기카로기아,더블크로스",1
아니마 아니무스,1
DX3(더블크로스 3rd),1
"insane,coc,DX3rd",1
coc,1
인술배틀 TRPG 시노비가미,1
COC(Call of Cthulhu),1
"CoC,Dx3",1
Dx3rd,1
더블크로스 The 3rd Edition,1
던전앤드래곤5,1
"CoC,설화학당",1
COC 7TH,1
Vampire the masquerade 5th,1
인귀혈맹RPG 블러드패스 (블패),1
창작룰,1
"블러드패스,더블크로스,주인감염,시노비가미",1
스트라토 샤우트,1
"더블크로스,DX3rd",1
"역전재판,사이퍼즈",1
버디미션본드,1
"파판14,마비노기",1
데드 바이 데이라이트,1
"데레스테,진 삼국무쌍 오리진",1
"바이오하자드,스타레일",1
"데빌 메이 크라이,바이오하자드,소닉 더 헤지혹 시리즈",1
"대역전재판,초탐정사건부 레인코드",1
마루토쿠,1
"페르소나,역전재판",1
Call of duty,1
"페이트/그랜드 오더,FGO,페그오",1
틱택토,1
포켓몬SV,1
"파이어 엠블렘 무쌍 풍화설월,길티기어",1
1차창작 쯔꾸르게임,1
"포켓몬,세키로",1
호그와트 레거시,1
"페르소나,프세카",1
고스트 와이어,1
fgo 페그오 페이트 그랜드 오더,1
프레디의 피자가게 (Five Nights at Freddy's),1
프로잭트세카이 컬러풀스테이지 feat. 하츠네미쿠,1
"테일즈런너,페르소나5",1
"포켓몬 SV,단간론파",1
"오버워치,프롬 소프트웨어 게임,데스티니가디언즈",1
LOL(리그오브레전드),1
"페르소나 3,4,5",1
"페르소나 시리즈,메타포 : 리판타지오",1
"포켓몬,명일방주,젤다의전설",1
오쓰! 싸워라! 응원단,1
"FF14,앙상블 스타즈!! Music,페이트/그랜드 오더",1
fate: grand order,1
드래곤퀘스트11s,1
저지아이즈:사신의 유언,1
프로세카. 앙스타,1
궤적 시리즈,1
드래곤 퀘스트11,1
로스트아크,1
"발더스게이트3,드래곤에이지시리즈,하데스",1
"소닉,스플래툰,페르소나,록맨",1
"콜 오브 듀티(콜옵),오버워치",1
아이돌리쉬세븐(IDOLiSH7),1
데못죽(데뷔 못하면 죽는 병 걸림),1
"데못죽,플레이브",1
"보컬로이드,프로젝트세카이",1
아이카츠! (아이엠스타),1
앙상블스타즈 앙스타,1
"데뷔 못 하면 죽는 병 걸림,아이돌리쉬 세븐",1
"앙상블 스타즈!! Music,아케인",1
아이돌리쉬세븐 아이나나 IDOLiSH7,1
"아이돌리쉬 세븐,데뷔 못하면 죽는 병 걸림",1
"수공예,레진공예,비즈공예,뜨개공예",1
근육맨 2세,1
"화산귀환,진혼기,몰락세가의 시한부 영약",1
"괴담에 떨어져도 출근을 해야 하는구나,사카모토 데이즈,은혼,우마무스메",1
"플레이브,진혼기",1
기븐,1
go,1
데못죽(데뷔 못 하면 죽는병 걸림),1
Call of duty:Modern warfare 2,1
"괴담출근,명급리",1
좀비고,1
데뷔 못하면 죽는 병 걸,1
"대역전재판,소드 아트 온라인",1
봇치더락,1
관을 가진 신의 손,1
케이팝 데몬헌터스,1
김토리,1
"은혼,괴담출근",1
"파이널판타지14,아카기,동물의숲,블루록",1
다이아몬드의 공죄,1
"나츠메 우인장,히프노시스 마이크",1
"스티븐유니버스,헬루바보스,앰피비아,아울하우스",1
"의원,다시 살다,순정철학논고",1
"어두운 바다의 등불이 되어,죠죠의 기묘한 모험",1
"일곱개의 대죄,위치즈하트",1
탑꾸,1
주술,1
"콜오브듀티(콜옵),오버워치",1
"적왕사,나루토,오버워치,마작,케이팝데몬헌터스",1
"단간론파,괴수 8호,가쿠마스,포케미쿠,할로우나이트,니디걸오버도즈,봇치더락",1
월간 순정 노자키군,1
SCOOLBOYS!歩(아유미)!,1
"죠죠,아카기",1
"스튜디오 묘니,포밍이와 친구들",1
"MIU404,언내추럴,FF14,잔불의 기사,닌타마",1
"메이플스토리,포켓몬스터",1
"윈브레,스타레일",1
"주술회전,슬램덩크",1
"누카니발,괴담출근",1
유희왕GX /A5,1
"스플래툰,동방프로젝트,공예",1
오오에 괴담출근,1
수공예비녀,1
괴수 8호 괴담출근,1
페이트/스테이 나이트,1
"오오에,페르소나 시리즈",1
쿠키런,1
"블루록,데못죽,괴담출근",1
기동전사건담 UC,1
러브라이브! 니지가사키학원스쿨아이돌동호회,1
"페이트 시리즈,페그오",1
"1차 창작,스플래툰,붕괴 스타레일",1
요츠메가미-재회-,1
"진혼기,괴담출근",1
"명탐정코난,은혼",1
18trip (エイトリ),1
괴담에 들어가도 출근을 해야하는구나,1
vs ambivalenz 비바렌,1
"괴수8호,괴담출근",1
자이언트로보,1
"아이나나,콜옵,18trip",1
"페이트/그랜드 오더,페르소나3",1
죠죠의 기묘한 모험(5부),1
"괴담출근,봇치더록,걸즈밴드크라이",1
오리지널 일러스트,1
"죠죠,용과같이",1
"괴담출근,아이돌리쉬세븐",1
잉여특공대,1
손금 읽기,1
"괴담에 떨어져도 출근을 해야하는구나,블랙배저",1
1차 창작 수공예품(레진),1
탈,1
탑로더 하트쉐이커,1
"페르소나,건담,버츄얼 유투버",1
주츄즈,1
"발더스게이트3,프롬 게임",1
"전지적 독자 시점,내가키운 S급들,괴담에 떨어져도 출근을 해야 하는구나",1
앙상블스타즈!! 앙스타,1
"진격의 거인,리그 오브 레전드",1
"프로젝트 세카이,괴담에 떨어져도 출근은 해야 하는구나,앙상블 스타즈",1
"콜옵,오버워치",1
"1차 창작 만화,1차 창작 스티커",1
"핸드메이드 창작,문구류",1
SCHOOLBOYS!歩(아유미)！,1
괴담에 떨어져도 출근은 해야하는구나 (괴담출근),1
고양이,1
"명일방주,스텔라이브,페르소나",1
"괴담출근,프로젝트 세카이",1
"유희왕(GX/5Ds/Zexal),요철세계",1
"블랙배저,페르소나3,페르소나5",1
king of prism (킹프리),1
"단간론파,페르소나4",1
"괴담에떨어져도출근을해야하는구나,내가키운s급들,가비지타임",1
"천지해,히프노시스마이크",1
"용과같이,윈드브레이커",1
괴담출근 이착헌 데못죽,1
페이트fate 시리즈,1
"TRPG,COC,DnD",1
금색의 갓슈,1
"페이트/그랜드 오더,썬더일레븐 go",1
"데못죽,괴수 8호",1
지크프리트x파에톤(1차 커플),1
"프로젝트 세카이,나의 히어로 아카데미아,포켓몬",1
"가라오케가자,파미레스가자,사이키쿠스오의재난,은혼,닌타마",1
괴담에 떨여져도 출근을 해야 하는구나,1
"프로젝트 세카이,붕괴 스타레일",1
Fate Grand/Order,1
Dr.stone,1
Slam dunk,1
테니스의왕자 (테니프리),1
슬램덩크 대만태웅..,1
BLUELOCK,1
"다이아몬드 에이스,망각배터리,다이아몬드의 공죄",1
"괴담출근,이착헌,케데헌,데못죽",1
"사카모토 데이즈,사카데이",1
프로젝트 세카이(feat.하츠네미쿠),1
명탐정 코난 / 매직 카이토,1
"사카모토 데이즈,데못죽,주술회전",1
"가라오케 가자!,은혼",1
나루토 헌헌 은혼 괴출,1
장르소설,1
"콜 오브 듀티,콜옵",1
울C ADELTA,1
버튜버(서애덕),1
파판14 발더게3 이착헌 역전재판,1
혈계,1
"또봇,메탈카드봇",1
포켓몬 피크민,1
"도검난무,아이돌리시 세븐(아이나나)",1
창작 문구,1
레진키링,1
"1차 창작,2차 창작(체인소맨,히스토리에,지저스크라이스트수퍼스타,지크슈)",1
콜오브듀티:모던워페어 리부트,1
"봇치더락,수성의마녀,걸즈밴드크라이",1
1차장착물,1
"니지산지,블리치",1
"헬루바보스,스티븐유니버스,앰피비아,아울하우스",1
"니지산지,하이큐",1
"낙제닌자 란타로,닌자보이 란타로,시광대리인",1
스티커,1
전독시 괴담출근 데못죽,1
"아이돌리쉬 세븐,명탐정 코난",1
언데드 언럭,1
페어리테일,1
"명일방주,페이트 스트레인지 페이크",1
"죠죠의기묘한모험,히프노시스마이크",1
킹 오브 프리즘(킹프리),1
수요전,1
그랑블루판타지,1
"가비지타임,파과",1
오리지널 (1차창작) 만화&소설,1
페이트 그렌드 오더,1
"새벽의 연화,니지산지",1
닌타마(닌자보이 란타로) 붕괴 스타레일 페이트 그랜드 오더(페그오),1
"솜인형 옷장,소품 등",1
고민,1
"아이돌리쉬세븐,괴담출근",1
괴담출근.데못죽.플레이브,1
우미네코 고서점,1
프로젝트세카이 보컬로이드,1
"프로젝트 세카이,빛과 밤의 사랑,수상한 메신저,연애 경보~키스는 미션 후에",1
VS AMBIVALENZ(비바렌),1
페이트 그랜드 오더(Fate/Grand Order),1
강철의 연금술사,1
"스타레일,데못죽,괴담출근",1
탑꾸 데코덴,1
"스파이 패밀리,붕괴: 스타레일",1
가라오케 가자 / 닌타마 / 원신,1
성경,1
언내추럴,1
Fate Grand Order,1
"가바지타임,닥터스톤",1
스즈미야 하루히의 우울,1
"수공예,일러스트",1
"봇치더록,괴담출근",1
카이지 외전(카이지없음),1
"페이트,닌타마,천관사복",1
"젤다의전설,장송의 프리렌",1
데드바이데이라이트 (데바데),1
"젠레스존제로,오아시스,슬램덩크",1
도검난무-ONLINE-,1
"괴담에 떨어져도 출근은 해야 하는구나,페이트 시리즈",1
게나조,1
콜 오브  듀티,1
"걸밴크,뱅드림 마이고/아베무지카",1
"고양이,붕괴 스타레일,포켓몬스터",1
뱅드림,1
페이트 그랜드 오더(페그오),1
"100미터.(햐쿠엠,백엠,백미터.)",1
디지몬 은혼 사카모토 윈브레 괴담출근,1
페그오,1
"GANGSTA. (갱스타,갱스터)",1
"모브사이코100,괴담출근",1
트라이브 나인,1
"VS AMBIVALENZ,비바렌",1
"괴담에 떨어져도 출근을 해야 하는구나,발더스게이트3,신비의 제왕",1
페리오드 서바이벌 시리즈,1
은혼 헌터x헌터,1
도검난무 ONLINE,1
"괴담출근,이착헌,데못죽,전독시,내스급",1
"적왕사,적국의 왕자로 사는 법",1
명문고 EX급 조연의 리플레이(명급리),1
"조회지,이환원,괴담출근",1
"괴담의 떨어져도 출근을 해야하는구나,데뷔 못 하면 죽는 병 걸림",1
데못죽 내스급 괴담출근,1
"마도조사,천관사복",1
"괴담에 떨어져도 출근을 해야 하는구나,내가 키운 S급들",1
마법명가차남으로살아남는법,1
"내스급,전독시",1
"김아싫,괴담출근,명급리",1
"데뷔 못하면 죽는 병 걸림,괴담에 떨어져도 출근을 해야하는구나",1
"데못죽,화산귀환",1
"블랙배저,어바등,섭남파업,마차살",1
김대리는 아이돌이 싫어 (김아싫),1
"살파랑,열화요수,프리스트 작",1
"천마는아이돌이되었다,천마돌",1
마법명가 차남으로 살아가는 법,1
"화산귀환,몰락 세가의 시한부 영약,천관사복",1
"변호됨,전독시",1
svsss 인사반파자구계통,1
"괴담에 떨어져도 출근 해야하는 구나,이세계 착각 헌터",1
"괴담출근,이합화타적백묘사존",1
상냥돌,1
공작님 회개해주세요,1
크법사(크툴루 게임 속 천재 마법사가 되었다),1
크툴루 게임 속 천재마법사가 되었다,1
"데못죽,괴담출근,이착헌,망아살,어바등",1
던그화,1
변경백 서자는 황제였다/괴담에 떨어져도 출근을 해야하는구나,1
"프롤스토,아월스,명급리",1
"변호됨,괴출",1
"화산귀환,괴담출근",1
"데못죽,명급리",1
오리지널 창작,1
(크법사) 크툴루 게임 속 천재 마법사가 되었다.,1
망나니 아이돌피디 살아남기,1
괴담에떨어져도 출근을 해야하는구나,1
김아싫,1
"빙위특,회멱데,김아싫",1
괴담출근.데못죽.이착헌.,1
백작가의 망나니가 되었다.,1
괴담에 빙의해도 출근해야 하는구나,1
"괴담에 떨어져도 출근을 해야하는구나,괴담출근",1
"마법명가 차남으로 살아남는법,마차살",1
괴담에 빠져도 출근을 해야 하는구나,1
의다살 명급리,1
전원 사망이 예정된 세계관,1
이세계 착한 헌터,1
이세계 착각 헌터 문송안함 괴담출근,1
마법명가 차남으로 살아남는법(마차살),1
"의원,다시 살다. 괴담에 떨어져도 출근을 해야 하는구나.",1
길라잡이 등불,1
"괴담출근,의원다시살다,공작님회계해주세요,의다살,괴출,공회주",1
"인사반파자구계통,천관사복",1
"괴담에 떨어져도 출근을 해야 하는구나(괴담출근,괴출)",1
"크법사,의다살",1
"괴담에 떨어져도 출근을 해야하는 구나,적기사는 눈먼 돈을 좇지 않는다,월야환담",1
이착헌 문송안함,1
회귀자 멱살 잡고 데뷔합니다,1
주인공이 컨셉충이면 곤란한가요&마법명가 차남으로 살아남는 법&괴담에 떨어져도 출근을 해야 하는 구나&명문고 EX급 조연의 리플레이,1
마법명가차남으로살아남는방법,1
"내가 키운 S급들,내스급",1
해리 포터,1
"데뷔 못하면 죽는 병 걸림,초심 잃은 아이돌을 위한 회귀 백서",1
괴담에 떨어져도 출근을 해야 하는 구나 / 어두운 바다의 등불이 되어,1
문송안함(문과라도 안 죄송한 이세계로 감),1
괴담에서 떨어져도 출근을 해야 하는구나,1
"전지적 독자 시점,내가 키운 S급들,어두운 바다의 등불이 되어,괴담에 떨어져도 출근을 해야 하는구나",1
열화요수 - Priest,1
"던전밥,괴담출근,우마무스메,할로우나이트,블루아카이브,코난",1
허잇차! 세자님,1
"괴담출근,언데드 언럭,퇴마록",1
진격거,1
플레이브 헌터헌터,1
"Fate/Grand order,인사반파자구계통",1
미라큘러스: 레이디버그와 블랙캣,1
마법소녀 마도카☆마기카,1
"블리치,니지산지",1
"무기미도,둥굴레차!,거침없이 하이킥!",1
좀비고등학교,1
"앙상블 스타즈,슬램덩크",1
지운대,1
"윈드브레이커,윈브레,windbreaker",1
주술회전 윈브레,1
"파이널판타지14,리버스1999",1
도키걸즈,1
"보컬로이드,프리파라",1
"프리파라,보컬로이드,베리베리 뮤우뮤우",1
태팅레이스(공예),1
탑로더 후우링,1
오리지널 + 죠죠의 기묘한 모험,1
유희왕 DM,1
"헌터헌터,고전애니,니지산지,가비지타임,주술회전,프리파라,달빛천사,꼬마마법사 레미",1
"가비지타임,테일즈런너,마법사의 약속",1
히스토리에,1
수퍼내추럴(미국TV드라마),1
패밀리 레스토랑 가자.,1
"헬루바보스,해즈빈호텔,디지털서커스",1
"닌타마 란타로,히프노시스마이크",1
유희왕 원작,1
악마에 입문했습니다 이루마군 mafia if,1
창조주의 편애법,1
수공예와 솜인형,1
"화산귀환,광마회귀",1
울트라맨,1
트랜스포머 시리즈,1
버튜버 애덕 닌타마 란타로,1
"괴담출근,데못죽,1차 오리지널",1
"윈드브레이커,도쿄리벤저스",1
"Lkyt.,꿈의라이브프리즘스톤",1
DC코믹스 슈퍼선즈,1
"은혼,에반게리온",1
"데뷔 못 하면 죽는 병 걸림,데못죽,데뷔 못하면 죽는 병 걸림(데못죽)",1
뜨개인형,1
아따맘마,1
"괴담출근,케데헌,데못죽,오란고교,달빛천사",1
"100미터.,프리파라",1
"죠죠의 기묘한 모험,소울이터",1
유희왕 듀얼 몬스터즈,1
"위치즈하트,충사,쯔꾸르RPG,안개비가내리는숲",1
"윈드브레이커,에일리언 스테이지",1
"닌타마,닌자보이 란타로",1
트랜스포머 ONE,1
"원피스,포켓몬스터",1
솜인형 옷,1
"페이트,괴담출근,페스페",1
오리지널창작,1
명일방주 엔드필드,1
제5인격,1
"Nu 카니발,누카니발",1
"닌타마 란타로,닌자보이 란타로,닌타마",1
"100m(백미터),100m(햐쿠엠)",1
괴담에 떨어져도 출근을 해야 하는구나(괴담출근/괴출),1
닌타마( 닌자보이란타로),1
킹오브프리즘,1
"1차 창작 HL,BL,GL 소설 / 개인창작 귀여운 캐릭터들",1
"괴담출근,마차살",1
"괴담에빠져도출근하는구나,전지적독자시점",1
뽐뽐 스튜디오,1
"죠죠의 기묘한 모험,은혼",1
Dr.Stone (닥터 스톤),1
트랜스포머 원,1
도키메모gs 도키걸즈,1
"메달리스트,브리아노의 연구소",1
포스터가 36번지에는 괴물이 산다,1
유희왕5Ds,1
"괴담에 떨어져도 출근을 해야 하는구나,괴출,괴담출근",1
"은혼,던전밥,진격의 거인",1
"무기미도,보컬로이드,마왕의 고백",1
미스터리 쉘터 체리블랑,1
"가정교사 히트맨 리본,명탐정 코난",1
나이트윙,1
"헌터헌터,포켓몬스터",1
"프로젝트 세카이 컬러풀 스테이지 feat.하츠네미쿠,프로젝트 세카이",1
"가라오케 가자,여학교의 별,빠졌어 너에게",1
우마무스메 프리티 더비,1
트랜스포머 애니메이티드,1
원룸조교님,1
"페이트/그랜드 오더,닌타마 란타로",1
도키메키 메모리얼 걸즈사이드,1
"나의 히어로 아카데미아,죠죠의 기묘한 모험",1
유희왕 OCG,1
"괴담에 떨어져도 출근을 해야 하는구나,전지적 독자시점",1
데스노트 소울이터 보컬로이드 니지산지 등,1
유희왕 등,1
트랜스포머애니메이티드,1
TFP,1
"나루토,리버스1999,괴담출근,100미터. 명일방주",1
breakmycase,1
트랜스포머 G1,1
"윈브레,시광대리인",1
유희왕(DM),1
괴담출근/괴수8호/이세계착각헌터,1
"에반게리온,강철의 연금술사,던전밥",1
"페르소나5,페르소나3",1
에리오스r,1
페르소나3 리로드,1
오토메게임,1
"발더스게이트3,페르소나5",1
"오오에,고서점가의 하시히메",1
P의 거짓,1
"피크민,하츠네미쿠,테일즈런너",1
파이널판타지 시리즈,1
"피크민 (1,2,3디럭스,4)",1
"세포신곡,테일즈런너,할로우나이트",1
이나즈마 일레븐 시리즈,1
"바이오하자드,아라비안즈로스트",1
진·여신전생 5 Vengeance,1
페르소나 4,1
"페르소나3,페르소나5",1
18trip (에이틴 트립),1
"포켓몬스터SV,포켓몬스터",1
"오오에,리그오브레전드",1
"파이어 엠블렘 시리즈,Fate 시리즈,Fate/Grand order",1
페르소나 5 로열,1
"쯔꾸르 게임 등,위치즈하트,안개비가내리는숲",1
"매스이펙트,발로란트",1
"프리즘스톤,포켓몬스터",1
"발더스게이트3,사이퍼즈",1
"역전재판,프세카,언더테일",1
"명일방주,포켓몬",1
페르소나5로얄,1
"니어 레플리칸트,명일방주",1
"페르소나3,페르소나4",1
할로우나이트 실크송,1
아머드코어 포앤서,1
"오버워치,데스티니 가디언즈",1
"그랜드 체이스,사우스 파크: 프랙처드 벗 홀",1
데빌 메이 크라이(DMC),1
연운십육성,1
아머드코어 라스트레이븐,1
"오오에,dmmd",1
"페르소나 시리즈,페르소나",1
"실크송,오버워치,델타룬",1
페르소나 5 더 로열,1
페르소나4 피어앤헝거2,1
길티기어 파판14,1
드래곤 에이지2,1
"페르소나,페르소나4,페르소나5",1
"우마무스메,페르소나",1
"오버워치,가쿠마스,블러드본",1
"발더스게이트3,피크민",1
"용과같이,페르소나4",1
"파이어엠블렘 풍화설월,보이스1",1
"파이널판타지14,그노시아",1
"리버스1999,스타레일,원신",1
저지아이즈,1
"드래곤에이지(베일가드,인퀴지션)",1
"페르소나3,페르소나5,델타룬",1
아머드코어VI,1
"데빌 메이 크라이,록맨,바이오하자드,소닉",1
세븐나이츠,1
"(쯔꾸르게임)ib,살육의 천사,피학의 노엘",1
"록맨,디트로이트 비컴 휴먼",1
"페르소나 3,페르소나 4",1
"앙상블스타즈!!,앙상블 스타즈!! Music,앙상블스타즈,앙상블 스타즈,페르소나",1
망나니 pd 아이돌로 살아남기,1
"보컬로이드,프로젝트 세카이",1
"아이돌리쉬7,아이나나",1
데뷔 못 하면 죽는 병에 걸림,1
"아이돌리쉬세븐,오오엥",1
"데못죽,케데헌,플레이브,최애의 아이",1
데뷔 못 하면 죽는 병 걸,1
아이카츠!,1
탑꾸 탑로더,1
아이돌랜드 프리파라,1
"아이돌리쉬 세븐,18TRIP",1
"데못죽,초심돌",1
아이엠스타/프리티시리즈,1
idolish7,1
데뷔 못하면 죽는병,1
프리티 시리즈(오드 디마퓨 레라 킹프리 프리파라),1
아이돌리쉬 세븐 아이나나,1
"킹 오브 프리즘,킹프리",1
"아이돌리쉬세븐,아이돌리쉬 세븐,아이나나",1
아이돌 마스터 밀리언 라이브!,1
명일방주(예정),1
"오리지널,괴담출근",1
"DC,바이오하자드",1
"괴담에떨어져도출근해야하는구나,괴담출근",1
데뷔못하면죽는병걸림(데못죽),1
Hollow knight (할로우 나이트),1
자수 수공예품,1
"아이돌리쉬 세븐,86 -에이티식스-,비선실세 레이디,프리큐어",1
"비선실세 레이디,프리큐어,86 -에이티식스-,아이돌리쉬 세븐",1
"트랜스포머,별의 커비,바이오하자드,할로우나이트",1
만달로리안(스타워즈),1
해즈빈호텔&헬루바보스,1
"앙상블 스타즈!! Music,포켓몬스터,닌자보이 란타로,버튜버,페르소나 5",1
nu:carnival,1
"페르소나4 골든,페르소나 4 골든",1
히프노시스 마이크 (드라마 CD장르/랩),1
"괴담에서 떨어져도 출근을 해야 하는구나,괴담출근,괴출",1
"카드캡터사쿠라,히카루가 죽은 여름,오리지널(1차),캐릭캐릭체인지,달빛천사,너에게닿기를",1
원피스 ONEPIECE,1
"유희왕,유희왕 5D's",1
꿈빛파티시엘,1
"무기미도,FKMT,은과금",1
"산나비,로드 오브 히어로즈,마비노기",1
"트랜스포머,도쿄리벤저스",1
페이트 그랜드 오더(FGO)/기동전사 건담,1
"해즈빈 호텔,트라이건",1
"괴담출근,명탐정 코난",1
괴담출근 괴담에 떨어져도 출근을 해야하는구나,1
핸드메이드 인형,1
"죠죠의 기묘한 모험,헌터X헌터,우마무스메,닌자보이 란타로",1
"괴담출근,너희들은 변호됐다",1
"죠죠의 기묘한 모험,유희왕",1
"수공예.,레진공예,뜨개질 공예품,탑로더",1
"데뷔 못 하면 죽는 병에 걸림,어두운 바다의 등불이 되어",1
trpg,1
럭키스타,1
망각소년,1
"마법명가 차남으로 살아남는 법,명문고 EX급 조연의 리플레이",1
마태인,1
유희왕 Zexal,1
오리지널(1차),1
"명탐정 코난,하이큐-!!,가비지타임",1
닌타마(닌자보이란타로),1
"니지산지,보컬로이드,나의 히어로 아카데미아",1
귀멸의칼날,1
<진혼기>,1
천지해,1
"내 무협 주인공이 나를 싫어한다,주나싫",1
"명탐정코난,명탐정 코난",1
"해즈빈호텔,오오에",1
헬루바보스/해즈빈호텔,1
"유희왕,유희왕GX",1
"헬루바보스,해즈빈호텔",1
위치즈 하트,1
"지.-지구의운동에대하여-,100미터.",1
re;quartz零度,1
"WIND BREAKER(WINBRE/윈브레),WINDBREAKER",1
"스타워즈,트랜스포머",1
오오에(大穢),1
"오오에,앙상블 스타즈",1
팬스가 체인소맨 니케 캐릭캐릭체인지 캐캐체 포켓몬스터 마법소녀마도카마기카 던전밥,1
"윈브레,주술회전",1
이세계 착각 헌터 (이착헌),1
"발더스게이트3,죠죠의 기묘한 모험(죠죠)",1
"100M.,지.-지구의 운동에 대하여-",1
트라이건 맥시멈/트라이건,1
아이돌마스터 side M,1
연극성 회귀 생활,1
"붕괴: 스타레일,스터레일",1
"명급리,역전재판",1
"괴담에 떨어져도 출근을 해야하는 구나,페이트 시리즈",1
"무대 히프노시스마이크 rule the stage,히프노시스마이크",1
"누카니발,페이트/스트레인지 페이크",1
프로젝트 세카이 컬러풀 스테이지 ft. 하츠네 미쿠(프로세카),1
힘내라 나카무라군,1
"이세계 착각 헌터,이세계 착각헌터",1
"헬루바보스,헬루바 보스",1
소년 점프작품,1
"내스급,내가 키운 S급들",1
스티그마타,1
"페르소나 시리즈,진여신전생,메타포 리판타지오,니어: 오토마타,니어 레플리칸트",1
"파판14,리버스: 1999",1
아이돌마스터 sideM,1
닌자보이란타로(닌타마),1
"엘소드,제5인격,킹프리",1
"해즈빈 호텔,헬루바 보스",1
"괴담에 떨어져도 출근을 해야하는구나,괴출",1
어두운 바다의 등불이 되어 (어바등),1
"블루록,전자오락수호대",1
하이큐!,1
"핸드메이드 봉제인형,솜인형 드레스",1
"룬의아이들,내가 키운 S급들,파이널 판타지 7",1
"마왕의 고백,헌드레드 라인 -최종방위학원-",1
"이나즈마 일레븐,이나즈마일레븐,이나이레",1
프로야구 생존기,1
"100M.,100미터.",1
"프로야구생존기(프야생),위닝샷,슬램덩크",1
"SLAM DUNK(슬램덩크),THE FIRST SLAM DUNK",1
(이나즈마)썬더일레븐,1
"GM,클로저이상용,프로야구생존기,GM시리즈,GM시리즈(최훈)",1
"100미터.,100미터.(ひゃくえむ。)",1
"하이큐,메달리스트",1
"이나즈마 일레븐,썬더일레븐",1
다이아몬드에이스/겁쟁이페달,1
아아실드21,1
테니스의 왕자님,1
"이나즈마일레븐,이나즈마일레븐GO",1
"우마무스메,우마무스메 프리티 더비",1
100미터.(ひゃくえむ。),1
"블루록,블루 록",1
"100M,우마무스메",1
겁쟁이 페달,1
이나즈마 일레븐 GO,1
테니스의왕자,1
"케이팝데몬헌터스,머메이드 멜로디 피치피치핏치,약사의 혼잣말",1
더 화이팅,1
SLAMDUNK,1
"이누야샤,세일러문,원피스",1
월드 다이 스타,1
사이키쿠스오의 재난,1
"우마무스메 PRETTY DERBY,붕괴: 스타레일",1
"포켓몬스터,핸드메이드,플레이브",1
"명일방주,마법명가 차남으로 살아남는 법,포켓몬스터",1
괴담에 떨어져도 출근을 해야 하는구나(웹소설),1
"림버스 컴퍼니,아인",1
갓오브워 시리즈 (게임),1
"오오에,앙상블 스타즈 (앙스타),괴담출근,만달로리안",1
"도리벤(도쿄리벤저스),가정교사 히트맨 리본 가히리",1
Hunter X Hunter,1
천지창조 디자인부,1
"명문고 EX급 조연의 리플레이(명급리),버츄얼 유튜버(니지산지)",1
"명문고 EX급 조연의 리플레이,화산귀환,트라이건",1
"젤다의 전설,작혼 : 리치마작",1
"명급리,원피스,프리파라",1
"홀로라이브,보컬로이드",1
"윈브레,괴수8호",1
요술봉키링,1
한터헌터,1
사우스파크 메달리스트 던전밥,1
[하늘연달],1
호요버스,1
바람분댕,1
"귀멸의칼날,체인소맨",1
"잔차품,슬램덩크,천추,군유질부,야요타야에야와디,야요타야아이야와디",1
"나루토,블루록,이세계 착각 헌터",1
"닌타마,천막의 자두가르",1
<극락왕생>,1
"신세기 에반게리온,소닉 더 헤지혹 시리즈,포켓몬스터,페르소나 시리즈",1
"아이돌리쉬 세븐,용과 같이",1
"메탈카드봇,약한영웅(드라마),괴담에 떨어져도 출근을 해야 하는구나",1
프로젝트 세카이 컬러풀스테이지(feat. 하츠네 미쿠),1
이니셜 D,1
니지산지(로후마오),1
"고서점가의 하시히메,괴담에 떨어져도 출근을 해야 하는구나",1
"어메이징 디지털 서커스,디지털서커스",1
"닌타마,오버워치",1
고깔모자의 아틀리에,1
"니지산지,콜 오브 듀티,DC코믹스",1
"캐릭캐릭체인지,젤다의전설,슈가슈가룬",1
산나비,1
"가비지타임,주술회전,F1",1
"마법소녀 마도카★마기카(마마마),보컬로이드,케이온,닥터스톤",1
(창작),1
"프로젝트 세카이 컬러풀 스테이지 ft. 하츠네 미쿠(프로세카),프로젝트 세카이 컬러풀 스테이지 feat.하츠네미쿠,프로젝트 세카이",1
"광마회귀 드림,화산귀환 드림,히프노시스 마이크 드림,골든 카무이 드림",1
"괴담출근,괴담에 떨어져도 출근을 해야 하는구나,괴출",1
보컬로이드 등,1
"사이퍼즈,페르소나 5,괴담에 떨어져도 출근을 해야 하는구나",1
"마법명가 차남으로 살아남는 법,마차살",1
"이서계착각헌터,가비지타임",1
"모브사이코100,고스트바둑왕(히카루의바둑),전독시",1
"주술회전,귀멸의 칼날",1
"마법명가 차남으로 살아남는 법,니지산지 호시루베,유희왕,고서점가의 하시히메",1
"할로우나이트,실크송",1
"명일방주,드림,페이트 스트레인지 페이크",1
"인사반파자구계통,이합화타적백묘사존,너희들은 변호됐다,병안본",1
뱅드림 아베무지카,1
"슬램덩크,더 퍼스트 슬램덩크,가라오케 가자!,패밀리 레스토랑 가자.,괴담에 떨어져도 출근을 해야 하는구나",1
"의다살,의원 다시 살다(의다살)",1
"고서점가의 하시히메,우우울트라C",1
"기동전사 건담,기동전사 건담:역습의 샤아,기동전사 건담 시리즈",1
디지몬 어드벤쳐,1
"유희왕 (DM,우마무스메 등",1
"우마무스메,닌자보이 란타로,아다치레이",1
프리티 시리즈,1
"할로우나이트,세포신곡,캐릭캐릭체인지,캐캐체,프로젝트 세카이 컬러풀 스테이지 feat.하츠네미쿠,테일즈런너,미쿠,장송의프리렌",1
주토피아,1
월간순정 노자키군,1
"어바등,어두운바다의 등불이 되어(어바등),어두운바다의등불이되어(어바등),어바등(어두운 바다의 등불이 되어)",1
"포켓몬스터,포켓몬",1
"천관사복,붕괴 스타레일",1
소녀가극 레뷰 스타라이트,1
"괴담에 떨어져도 출근을 해야 하는구나,괴담출근(괴출)",1
프로젝트세카이(프로세카),1
"체인소맨,뱅드림 아베무지카,프로젝트 세카이",1
급리,1
그노시아,1
"골든 카무이,다이아몬드 에이스",1
"데스노트,베리드 스타즈(베스타),인사반파자구계통,호시노겐",1
"아이카츠 스타즈,아이카츠 아카데미",1
"명일방주,죠죠의 기묘한 모험",1
"러브라이브! 시리즈,러브라이브! 블루버드",1
18trip(에이트리),1
헬루바 보스,1
빨강머리 백설공주,1
"공조살,갓갓갓,아이카츠! (아이엠스타),명탐점 코난",1
"은혼,사이키 쿠스오의 재난,코난,마마마,소울이터,체인소맨",1
"데뷔 못 하면 죽는 병 걸림,너희들은 변호됐다",1
ABYSSOS,1
"앙상블 스타즈,앙상블 스타즈!! Music",1
"오리지널,창작디자인문구",1
tiger&bunny,1
용자왕 가오가이가,1
"유희왕 고러시!!,유희왕 고 러시!!",1
케이팝 아이돌 몬스타엑스,1
SCP 재단,1
"DC코믹스,히티드라이벌리",1
"18TRIP,18트립",1
약한영웅,1
"오오에,천관사복",1
"프로젝트 세카이,마법소녀마도카마기카,케이온",1
