token,count,example_cell
.,13,.
바이오하자드,9,바이오하자드
탑로더,9,"뜨개소품,탑로더"
1차,8,창작커플(1차)
솜인형,8,"엘소드,제5인격,페르소나 5,솜인형"
묵독,8,묵독
패션,8,패션(Passion)
마비노기,8,"마비노기,발더스 게이트3,리틀 나이트메어"
에반게리온,8,"에반게리온,스플래툰,록맨,미쿠,페르소나"
의다살,8,"의원 다시 살다,의다살"
스타워즈,8,"스타워즈,슬램덩크"
인세인,8,"Trpg,인세인"
버튜버,7,버튜버(모로스)
파판14,7,"파판14,마호야쿠"
없음,7,없음
퇴마록,7,"퇴마록,언데드 언럭"
케데헌,7,"괴담출근,케데헌"
문송안함,6,"명급리,문송안함,어바등"
문구,6,문구
위치즈하트,6,위치즈하트
드래곤에이지,5,"드래곤에이지,매스이펙트,파이널판타지14"
페그오,5,"페이트 그랜드 오더(페그오),엘소드"
탈,5,"탈(TAL),유희왕"
미정,5,미정
언데드 언럭,5,"마비노기,언데드 언럭"
슈퍼전대,5,슈퍼전대
특촬,5,특촬
사카데이,5,사카데이
카이지,5,"아카기,카이지,겁쟁이페달"
코난,5,코난
공조살,5,공조살
피크민,5,"플레이브,피크민"
김아싫,5,김 대리는 아이돌이 싫어(김아싫)
DX3rd,5,DX3rd
콜옵,5,"콜 오브 듀티(콜옵),오버워치"
천막의 자두가르,5,천막의 자두가르
산나비,4,"할로우나이트,산나비,가비지타임,프로젝트세카이,하츠네미쿠,화산귀환,데못죽"
백망되,4,"진혼기,명급리,백망되"
도리벤,4,"도리벤,가비지타임,카리스마"
트라이건 스탬피드,4,트라이건 스탬피드
의원,4,"의원,다시 살다(의다살) / 진혼기"
진혼,4,진혼
터닝,4,"터닝,화산귀환,내가키운S급들,패션"
픽셀아트,4,"1차 문구류,픽셀아트"
인형,4,인형
더 킹 오브 파이터즈,4,더 킹 오브 파이터즈
Fate/Samurai Remnant,4,"Fate/Samurai Remnant,프로젝트 세카이"
다크소울,4,다크소울
아이돌리쉬7,4,아이돌리쉬7
유희왕GX,4,유희왕GX
트위스테,4,"꿈왕국,트위스테,파라라이"
레진공예,4,"창작일러스트,창작시집,레진공예,매듭공예,수공예"
에일리언 스테이지,4,"에일리언 스테이지(에이스테,alien stage)"
TAL,4,"탈(TAL),유희왕"
Free!,4,Free! (프리)
공예,4,"창작,문구,공예"
포밍이와 친구들,4,포밍이와 친구들
명조,4,"명일방주,명조"
문구류,4,"픽셀아트,문구류"
TRPG,4,TRPG
공회주,4,"어바등,공회주"
블루아카이브,4,"던전밥,블루아카이브,오란고교호스트부"
가면라이더 류우키,4,가면라이더 류우키
신삼국,4,신삼국
가면라이더 기츠,4,"가면라이더 리바이스,가면라이더 기츠"
합법해적 파르페,4,합법해적 파르페
봄이 오면 꽃이 피고,4,봄이 오면 꽃이 피고
봇치더록,4,"봇치더록,케이온 / 보컬로이드,포켓몬"
히카루의 바둑,4,히카루의 바둑
델타룬,4,델타룬
키링,4,"해파리 소녀 : 스티커,키링,바다테마 레진아트 / 메론소다"
기계전대 젠카이저,4,기계전대 젠카이저
민감한 대리님,4,민감한 대리님(민대리)
변경백 서자는 황제였다,4,변경백 서자는 황제였다(변서황)
탑꾸,4,"탑로더,탑꾸,키링"
다키스트 던전,4,다키스트 던전
역전재판5,4,역전재판5
아머드코어6 루비콘의 화염,4,아머드코어6 루비콘의 화염
메이플스토리,4,메이플스토리
가치아쿠타,4,가치아쿠타
해파리소녀,4,해파리소녀
망아살,4,망아살
썬더일레븐,4,썬더일레븐
귀멸의 칼날,4,귀멸의 칼날
만달로리안,4,만달로리안(스타워즈)
사우스파크,4,사우스파크
월한강천록: 무림제일폐,3,월한강천록: 무림제일폐
쿠키런 킹덤,3,쿠키런 킹덤
bl,3,bl
삼국지,3,"화산귀환,삼국지"
적국의 왕자로 사는 법,3,적국의 왕자로 사는 법
나혼렙,3,"나혼렙,나혼자만레벨업"
데뷔못하면죽는병,3,"화산귀환,데뷔못하면죽는병"
일타강사 백사부,3,"일타강사 백사부,데뷔 못 하면 죽는 병 걸림"
유희왕 브레인즈,3,유희왕 브레인즈
유희왕 VRAINS,3,유희왕 VRAINS
가히리,3,가히리
코드기어스,3,코드기어스
데바데,3,데바데
포켓몬스터SV,3,포켓몬스터SV
언더테일,3,언더테일
별의 커비,3,"페르소나 시리즈,별의 커비"
BL,3,"데뷔못하면죽는병걸림,패션(BL)"
존윅,3,존윅
핸드메이드,3,핸드메이드
아이카츠,3,"아이카츠(아이엠스타),젤다의 전설"
유희왕 고러시!!,3,유희왕 고러시!!
전용.,3,전용.
젠레스존제로,3,젠레스존제로
걸즈밴드크라이,3,걸즈밴드크라이
슈가슈가룬,3,"캐릭캐릭체인지,카드캡터체리,슈가슈가룬"
히로아카,3,히로아카
가면라이더 더블,3,가면라이더 더블
파워레인저 킹덤포스,3,파워레인저 킹덤포스
가면라이더 지오,3,가면라이더 지오
수퍼내추럴,3,수퍼내추럴
전자오락수호대,3,"질풍기획,집이없어,전자오락수호대"
창작 일러스트,3,창작 일러스트
텐~천화거리의 쾌남아~,3,텐~천화거리의 쾌남아~
스티커,3,"스티커,다꾸 굿즈"
솜인형 의상,3,솜인형 의상
Lkyt.,3,Lkyt.
아이돌 마스터,3,아이돌 마스터
가면라이더 빌드,3,"가면라이더 지오,가면라이더 빌드"
약한영웅,3,"약한영웅,두마리를 위한 뜰,평행도시"
발로란트,3,발로란트
A3!,3,A3!
브리아노의 연구소,3,브리아노의 연구소
페어리테일,3,"언데드 언럭,페어리테일"
룬의 아이들,3,룬의 아이들
가즈나이트,3,가즈나이트
성황의 아이들,3,성황의 아이들
섭남파업,3,섭남파업
몬스터헌터,3,"에이펙스 레전드,발더스게이트3,몬스터헌터,데스티니 가디언즈(데스티니2) 등등 게임장르 위주 + 창작 굿즈"
이누야샤,3,이누야샤
무해한 과일 친구들,3,무해한 과일 친구들
룰 더 스테이지,3,"히프노시스 마이크,히프스테(룰 더 스테이지)"
충사,3,충사
마도서대전 TRPG 마기카로기아,3,마도서대전 TRPG 마기카로기아
데빌 메이 크라이,3,"데빌 메이 크라이,바이오하자드,소닉 더 헤지혹 시리즈"
홀로라이브,3,"보컬로이드,프로젝트세카이,홀로라이브"
코우노도리,3,코우노도리
고깔모자의 아틀리에,3,"닌자보이 란타로,고깔모자의 아틀리에"
F1,3,F1
베이블레이드,2,베이블레이드
배트맨,2,배트맨
터무니없는 이야기,2,터무니없는 이야기
진혼기 반월당,2,진혼기 반월당
꿈왕국,2,"파라라이,꿈왕국,마호야쿠"
드라마,2,"마블,스어유,신비한 동물사전,슬램덩크,드라마"
하츠네미쿠,2,"할로우나이트,산나비,가비지타임,프로젝트세카이,하츠네미쿠,화산귀환,데못죽"
우타프리,2,우타프리
최애의 아이,2,"전지적 독자 시점,최애의 아이"
스파이더맨,2,"플레이브,스파이더맨,슬램덩크,니지산지"
인소의법칙,2,인소의법칙
니지산지 JP,2,"니지산지 JP,모브사이코100"
임시,2,임시
얼어붙은 플레이어의 귀환,2,얼어붙은 플레이어의 귀환
데뷔못하면죽음,2,데뷔못하면죽음
천지창조 디자인부,2,"사이키 쿠스오의 재난,천지창조 디자인부,갈릴레오 시리즈"
갈릴레오 시리즈,2,"사이키 쿠스오의 재난,천지창조 디자인부,갈릴레오 시리즈"
1차 문구류,2,"1차 문구류,픽셀아트"
창작인형,2,창작인형
최후의 금빛아이,2,"가비지 타임,최후의 금빛아이,프로메어"
로스트아크,2,"사이퍼즈,로스트아크,수공예"
발더게3,2,"마블,슬램덩크,콜 오브 듀티,발더게3"
데못죽.플레이브,2,데못죽.플레이브
2024 조인허스 오리지널 엽서,2,2024 조인허스 오리지널 엽서
쿠키런,2,"명탐정 코난,쿠키런"
레진아트,2,레진아트
역전재판1~4,2,역전재판1~4
역전재판 후기,2,"역전재판 후기,대역전재판"
단간론파 어나더,2,단간론파 어나더
디트로이트 비컴 휴먼,2,"발더스 게이트3,콜 오브 듀티,레드 데드 리뎀션 2,위쳐3,디트로이트 비컴 휴먼"
킹오브파이터즈,2,킹오브파이터즈
엘든 링,2,엘든 링
미쿠,2,"에반게리온,스플래툰,록맨,미쿠,페르소나"
에이펙스 레전드,2,에이펙스 레전드
매스이펙트,2,"드래곤에이지,매스이펙트,파이널판타지14"
4,2,"페르소나3,4"
드래곤 퀘스트 XI S 지나간 시간을 찾아서,2,드래곤 퀘스트 XI S 지나간 시간을 찾아서
데뷔못하면죽는병걸림 데못죽,2,데뷔못하면죽는병걸림 데못죽
아이카츠 스타즈,2,아이카츠 스타즈
데뷔 못하면 죽는 병,2,데뷔 못하면 죽는 병
문호와 알케미스트,2,문호와 알케미스트
PASSION,2,패션(PASSION)
에리오스,2,에리오스
도박묵시록 카이지,2,도박묵시록 카이지
히스토리에,2,"아카기,히스토리에"
게토고죠,2,"주술회전,게토고죠"
창작시집,2,"창작일러스트,창작시집,레진공예,매듭공예,수공예"
위닝샷,2,위닝샷
비녀,2,비녀
쿠베라,2,쿠베라
페르소나 아이돌리쉬세븐 우마무스메,2,페르소나 아이돌리쉬세븐 우마무스메
from 아르고나비스,2,from 아르고나비스
페이트 사무라이 렘넌트,2,"용과같이,페이트 사무라이 렘넌트"
라빗 아트토이,2,라빗 아트토이
쯔꾸르게임,2,"1차창작,쯔꾸르게임"
팀 조인허스(JOIN_HUS) 오리지널 굿즈,2,팀 조인허스(JOIN_HUS) 오리지널 굿즈
마작,2,마작
기동전사 건담 SEED,2,기동전사 건담 SEED
프롬 소프트웨어 게임,2,"오버워치,프롬 소프트웨어 게임"
전대,2,"가면라이더,전대"
탑건,2,탑건
가면라이더 W,2,가면라이더 W(더블)
더블,2,가면라이더 W(더블)
임금님전대 킹오저,2,임금님전대 킹오저(파워레인저 킹덤포스)
파미레스가자,2,"닌타마,은혼,사이키쿠스오의재난,가라오케가자,파미레스가자"
1차 창작 캐릭터 위주의 정기 발간 회지,2,1차 창작 캐릭터 위주의 정기 발간 회지
히카루가 죽은 여름,2,"히카루가 죽은 여름,니지산지,고전애니,스타레일"
고전애니,2,"히카루가 죽은 여름,니지산지,고전애니,스타레일"
요철세계,2,"유희왕(DM/GX/5Ds/Zexal),요철세계"
괴담출근 데못죽,2,괴담출근 데못죽
뉴단간론파V3,2,뉴단간론파V3
젠레스 존 제로,2,젠레스 존 제로
케이팝데몬헌터스 사카모토데이즈,2,케이팝데몬헌터스 사카모토데이즈
DC 코믹스,2,DC 코믹스
원펀맨,2,원펀맨
페르소나4 골든,2,페르소나4 골든
거침없이 하이킥!,2,거침없이 하이킥!
뱅드림 마이고/아베무지카,2,뱅드림 마이고/아베무지카
해파리 소녀 : 스티커,2,"해파리 소녀 : 스티커,키링,바다테마 레진아트 / 메론소다"
바다테마 레진아트 / 메론소다,2,"해파리 소녀 : 스티커,키링,바다테마 레진아트 / 메론소다"
킹덤,2,킹덤
울트라맨 제트,2,울트라맨 제트
플레이브 데못죽,2,플레이브 데못죽
기타,2,기타
블러디 메리,2,"블러디 메리,블러디 메리"
데스노트,2,"은혼,데스노트,닌자보이 란타로,어두운 바다의 등불이 되어"
일러스트,2,"수공예,일러스트,시집"
레뷰,2,레뷰
위키드,2,"해리포터,위키드"
던그화,2,던전을 그리는 화가 (던그화)
변서황,2,변경백 서자는 황제였다(변서황)
아포칼립스엔 고인물이 필요해요,2,아포칼립스엔 고인물이 필요해요
룬의아이들,2,룬의아이들
솜인형 옷장,2,솜인형 옷장
오리지널 창작 1차 굿즈,2,"오리지널 창작 1차 굿즈,괴담출근"
게게게의 수수께끼,2,게게게의 수수께끼
WINDBREAKER,2,WINDBREAKER
섬유향수,2,섬유향수
약사의 혼잣말,2,약사의 혼잣말
창작 캐릭터,2,창작 캐릭터
윈브레 / 윈드브레이커,2,윈브레 / 윈드브레이커
이나즈마일레븐GO,2,이나즈마일레븐GO
WIND BREAKER,2,WIND BREAKER(WINBRE/윈브레)
WINBRE/윈브레,2,WIND BREAKER(WINBRE/윈브레)
동방프로젝트,2,동방프로젝트
GANGSTA.,2,"GANGSTA.(갱스타,갱스터)"
"갱스타,갱스터",2,"GANGSTA.(갱스타,갱스터)"
에일리언스테이지,2,에일리언스테이지
블러드패스,2,"더블크로스,둘이서수사,블러드패스"
언성 듀엣,2,"언성 듀엣,더블크로스"
아론의 사제,2,아론의 사제
주인감염,2,"주인감염,언성듀엣"
DnD,2,"DnD,디앤디,던전 앤 드래곤"
던전 앤 드래곤,2,"DnD,디앤디,던전 앤 드래곤"
드래곤 에이지,2,드래곤 에이지
악마집사와 검은고양이,2,악마집사와 검은고양이
러브앤딥스페이스,2,러브앤딥스페이스
다이아몬드의 공죄,2,다이아몬드의 공죄
가쿠마스,2,"단간론파,괴수 8호,가쿠마스,포케미쿠,할로우나이트,니디걸오버도즈,봇치더락"
악입문,2,악입문
언내추럴,2,"MIU404,언내추럴,FF14,잔불의 기사,닌타마"
이터널리턴,2,이터널리턴
기동전사 건담 철혈의 오펀스,2,기동전사 건담 철혈의 오펀스
sea,2,sea
고양이,2,고양이
잭잔느,2,잭잔느
천지해,2,"천지해,히프노시스마이크"
슬랭덩크,2,슬랭덩크
소년기의 끝,2,소년기의 끝
BYAKKO,2,BYAKKO
마비노기 모바일,2,마비노기 모바일
페이트 스트레인지 페이크,2,"명일방주,페이트 스트레인지 페이크"
멸종위기동물 아트토이,2,멸종위기동물 아트토이
강철의 연금술사,2,강철의 연금술사
슬로우데미지,2,슬로우데미지
패밀리 레스토랑 가자.,2,패밀리 레스토랑 가자.
디지털서커스,2,"헬루바보스,해즈빈호텔,디지털서커스"
안개비가내리는숲,2,"위치즈하트,충사,쯔꾸르RPG,안개비가내리는숲"
오리지널 캐릭터,2,오리지널 캐릭터
마왕의 고백,2,"무기미도,보컬로이드,마왕의 고백"
니어 레플리칸트,2,"니어 레플리칸트,명일방주"
트위스티드 원더랜드,2,트위스티드 원더랜드
실크송,2,"실크송,오버워치,델타룬"
그노시아,2,"파이널판타지14,그노시아"
아이카츠!,2,아이카츠!
프리티 시리즈,2,프리티 시리즈(오드 디마퓨 레라 킹프리 프리파라)
킹프리,2,"킹 오브 프리즘,킹프리"
86 -에이티식스-,2,"아이돌리쉬 세븐,86 -에이티식스-,비선실세 레이디,프리큐어"
비선실세 레이디,2,"아이돌리쉬 세븐,86 -에이티식스-,비선실세 레이디,프리큐어"
프리큐어,2,"아이돌리쉬 세븐,86 -에이티식스-,비선실세 레이디,프리큐어"
귀멸의칼날,2,귀멸의칼날
GM시리즈,2,"GM,클로저이상용,프로야구생존기,GM시리즈,GM시리즈(최훈)"
DC코믹스,2,"니지산지,콜 오브 듀티,DC코믹스"
케이온,2,"마법소녀 마도카★마기카(마마마),보컬로이드,케이온,닥터스톤"
뱅드림 아베무지카,2,뱅드림 아베무지카
HUNDRED LINE -최종방위학원-,2,HUNDRED LINE -최종방위학원-
슬램덩크 데못죽,1,슬램덩크 데못죽
창작커플,1,창작커플(1차)
모로스,1,버튜버(모로스)
프로젝트 세카이 / 앙상블 스타즈,1,프로젝트 세카이 / 앙상블 스타즈
스타워즈 탑건 슬램덩크,1,스타워즈 탑건 슬램덩크
가비지타임 세포신곡,1,가비지타임 세포신곡
스어유,1,"마블,스어유,신비한 동물사전,슬램덩크,드라마"
신비한 동물사전,1,"마블,스어유,신비한 동물사전,슬램덩크,드라마"
레볼루션 하트,1,"니지산지,레볼루션 하트"
솜인형 소품샵 5,1,"솜인형 소품샵 5,10,5cm +사람소품도있어요"
10,1,"솜인형 소품샵 5,10,5cm +사람소품도있어요"
5cm +사람소품도있어요,1,"솜인형 소품샵 5,10,5cm +사람소품도있어요"
달빛아래,1,달빛아래
슬램덩크 한드,1,슬램덩크 한드
오페라의 유령,1,오페라의 유령
진여신전생3,1,진여신전생3
역전재판 시리즈: 역전재판 후기,1,"역전재판 시리즈: 역전재판 후기,대역전재판,역전검사"
역전검사,1,"역전재판 시리즈: 역전재판 후기,대역전재판,역전검사"
오모리,1,오모리
가비지타임 헌터헌터,1,가비지타임 헌터헌터
슬램덩크,1,슬램덩크
플레이브 슬램덩크,1,플레이브 슬램덩크
오리지널 1차 수공예 책상꾸미기 소품 키링 오브제,1,오리지널 1차 수공예 책상꾸미기 소품 키링 오브제(푸딩 거북이 당고)
푸딩 거북이 당고,1,오리지널 1차 수공예 책상꾸미기 소품 키링 오브제(푸딩 거북이 당고)
약속의 네버랜드,1,"화산귀환,약속의 네버랜드"
0,1,0
명일방주 플레이브 데뷔못하면죽는병걸림,1,명일방주 플레이브 데뷔못하면죽는병걸림
뜨개소품,1,"뜨개소품,탑로더"
Passion,1,패션(Passion)
다시 살다(의다살) / 진혼기,1,"의원,다시 살다(의다살) / 진혼기"
데뷔 못하면 죽는 병 걸림 / 데못죽,1,데뷔 못하면 죽는 병 걸림 / 데못죽
SKT,1,"화산귀환,SKT(스왈로우 나이츠 테일즈)"
스왈로우 나이츠 테일즈,1,"화산귀환,SKT(스왈로우 나이츠 테일즈)"
x,1,x
이영도 소설,1,이영도 소설
전독시 등,1,"화산귀환,데못죽,전독시 등"
매직 미니윙,1,매직 미니윙
왕은웃었다 길라잡이의등불,1,왕은웃었다 길라잡이의등불
육효,1,"살파랑,육효"
데뷔 못하면 죽는 병 걸림/데못죽,1,데뷔 못하면 죽는 병 걸림/데못죽
나혼자만레벨업,1,"나혼렙,나혼자만레벨업"
데뷔 못 하면 죽은 병에 걸림,1,데뷔 못 하면 죽은 병에 걸림
반지의 제왕,1,"내가 키운 S급들,반지의 제왕"
로판,1,로판
다시 살다 / 의다살,1,"의원,다시 살다 / 의다살"
내가키운에스급들,1,내가키운에스급들
이번생은 우주대스타,1,이번생은 우주대스타
영화 존윅,1,영화 존윅
핸드메이드 위빙 매트,1,핸드메이드 위빙 매트
앨런 웨이크,1,앨런 웨이크
닌텐도 장르,1,닌텐도 장르
니지산지 버튜버,1,니지산지 버튜버
퍼스트 건담,1,퍼스트 건담
솜인형 소품샵입니다❣️,1,솜인형 소품샵입니다❣️
써지컬 안경줄/귀걸이/비녀,1,써지컬 안경줄/귀걸이/비녀
에우리디케는 없다,1,"에우리디케는 없다,계약아빠"
계약아빠,1,"에우리디케는 없다,계약아빠"
솜인형 + 솜인형 악세사리 + 수공예품,1,솜인형 + 솜인형 악세사리 + 수공예품
버츄얼 유튜버,1,버츄얼 유튜버
슬기로운 문명생활,1,슬기로운 문명생활
Marvel,1,Marvel
디즈니,1,"해리포터,디즈니,전독시,마블"
DIGIMON ADVENTURE,1,DIGIMON ADVENTURE(디지몬 어드벤처)
디지몬 어드벤처,1,DIGIMON ADVENTURE(디지몬 어드벤처)
도쿄 에일리언즈,1,도쿄 에일리언즈
어두운 바다의 등불이 되어/프로젝트 세카이,1,어두운 바다의 등불이 되어/프로젝트 세카이
유희왕 ZEXAL,1,"유희왕 ZEXAL,명탐정 코난"
쇼바이락,1,"아이돌리쉬세븐,쇼바이락,리그오브레전드,앙상블스타즈"
슬램덩크 던전밥 주술회전,1,슬램덩크 던전밥 주술회전
오리지널 창작 문구 굿즈 / 카리스마 하우스,1,오리지널 창작 문구 굿즈 / 카리스마 하우스
핑크파라다이스,1,핑크파라다이스
창작 뜨개인형,1,창작 뜨개인형
건담시드,1,건담시드
뉴 단간론파 v3,1,"유희왕,뉴 단간론파 v3"
원탁의 기사,1,"Fate,FGO,원탁의 기사"
보더랜드3,1,보더랜드3
아틀리에 시리즈,1,"원신,아틀리에 시리즈"
섬의 궤적,1,섬의 궤적
무색의카이나,1,무색의카이나
킹 오브 파이터즈,1,킹 오브 파이터즈
더 킹 오브 파이터즈 XV,1,더 킹 오브 파이터즈 XV
레드 데드 리뎀션 2,1,"발더스 게이트3,콜 오브 듀티,레드 데드 리뎀션 2,위쳐3,디트로이트 비컴 휴먼"
위쳐3,1,"발더스 게이트3,콜 오브 듀티,레드 데드 리뎀션 2,위쳐3,디트로이트 비컴 휴먼"
리쎌컴퍼니,1,"산나비,슬램덩크,리쎌컴퍼니,주술회전"
리틀 나이트메어,1,"마비노기,발더스 게이트3,리틀 나이트메어"
ULTRAKILL,1,ULTRAKILL
프롬소프트웨어,1,프롬소프트웨어
슈퍼로봇대전OG 문 드웰러즈,1,슈퍼로봇대전OG 문 드웰러즈
페르소나 5  로열,1,페르소나 5  로열
영원한 7일의 도시,1,"영원한 7일의 도시,FF14,세포신곡"
데스티니가디언즈2,1,데스티니가디언즈2
데빌메이크라이,1,데빌메이크라이
KOF,1,더 킹 오브 파이터즈 (KOF)
ZENO,1,ZENO (마루토쿠키치)
마루토쿠키치,1,ZENO (마루토쿠키치)
마루토쿠 시리즈,1,"페르소나,마루토쿠 시리즈"
1차창작 쯔꾸르 게임,1,1차창작 쯔꾸르 게임
슈퍼로봇대전,1,슈퍼로봇대전
데스티니 가디언즈 2,1,"데스티니 가디언즈 2,프로젝트 세카이"
플레이브등,1,"아이나나,앙스타,플레이브등"
DIG-ROCK,1,DIG-ROCK
노래의 왕자님,1,노래의 왕자님(우타프리)
앙상블스타즈 뱅드림,1,앙상블스타즈 뱅드림
하나돌,1,하나돌
아이돌 마스터 밀리언 라이브! 시어터 데이즈,1,아이돌 마스터 밀리언 라이브! 시어터 데이즈 (밀리시타)
밀리시타,1,아이돌 마스터 밀리언 라이브! 시어터 데이즈 (밀리시타)
드래곤볼GT,1,드래곤볼GT
CoC7th_TRPG,1,CoC7th_TRPG
더 게이머. 의다살,1,더 게이머. 의다살
반월당 진혼기,1,반월당 진혼기
전독시 데못죽,1,전독시 데못죽
식물헬멧,1,식물헬멧
랭커를 위한 바른 생활 안내서,1,랭커를 위한 바른 생활 안내서
소설,1,소설
창작부스,1,창작부스
변방의 외노자,1,변방의 외노자
쿠키런킹덤,1,쿠키런킹덤
ㅁ,1,ㅁ
꿈왕국과 100명의 왕자님,1,꿈왕국과 100명의 왕자님
수공예품,1,수공예품
신데마스,1,"신데마스,은혼"
캐릭터 문구,1,캐릭터 문구
창작일러스트,1,"창작일러스트,창작시집,레진공예,매듭공예,수공예"
매듭공예,1,"창작일러스트,창작시집,레진공예,매듭공예,수공예"
프로젝트세카이 피처링하츠네미쿠,1,프로젝트세카이 피처링하츠네미쿠
1차 창작 문구 일러스트,1,1차 창작 문구 일러스트
"에이스테,alien stage",1,"에일리언 스테이지(에이스테,alien stage)"
데빌드롭,1,"블루 자이언트,데빌드롭"
울트라맨 시리즈,1,울트라맨 시리즈
니지산지EN,1,니지산지EN
MIU404 파이널판타지14,1,MIU404 파이널판타지14
CLAMP X,1,CLAMP X
1차BL,1,1차BL
슬램덩크/가비지타임,1,슬램덩크/가비지타임
하이큐.슬램덩크,1,하이큐.슬램덩크
슬램덩크 / 가비지타임,1,슬램덩크 / 가비지타임
가비지타임 / 하이큐,1,가비지타임 / 하이큐
ㅇㅇ,1,ㅇㅇ
프리,1,Free! (프리)
유희왕 5D'S,1,유희왕 5D'S
플레이브.데못죽,1,플레이브.데못죽
샹치와 텐링즈의 전설,1,"샹치와 텐링즈의 전설,명탐정코난"
슬램덩크 등,1,"콜 오브 듀티,마블,슬램덩크 등"
풍화설월 파이어엠블렘,1,풍화설월 파이어엠블렘
신비한 별의 쌍둥이 공주,1,"신비한 별의 쌍둥이 공주,던전밥,골든카무이"
1차 창작 일러스트,1,1차 창작 일러스트
사카데이 윈드브레이커,1,사카데이 윈드브레이커
아이돌 마스터 샤이니 컬러즈,1,아이돌 마스터 샤이니 컬러즈
콜 오브 듀티 모던 워페어 리부트 / 고스트,1,콜 오브 듀티 모던 워페어 리부트 / 고스트
웹소설,1,"웹소설,하이큐"
헌터헌터 윈브레,1,헌터헌터 윈브레
불리가살,1,불리가살
카드캡터체리,1,"캐릭캐릭체인지,카드캡터체리,슈가슈가룬"
기동전사건담 시리즈,1,기동전사건담 시리즈
아머드코어,1,아머드코어
게토x고죠,1,"원신,주술회전(게토x고죠),니지산지(로렌이로아스,아키나,후와미나토)"
"로렌이로아스,아키나,후와미나토",1,"원신,주술회전(게토x고죠),니지산지(로렌이로아스,아키나,후와미나토)"
회귀자 멱살잡고 데뷔합니다.,1,회귀자 멱살잡고 데뷔합니다.
스플래툰3,1,스플래툰3
도망을 잘 치는 도련님,1,도망을 잘 치는 도련님
아르고나비스프롬아르고나비스키미가미타스테이지에=키미스테,1,아르고나비스프롬아르고나비스키미가미타스테이지에=키미스테
free!,1,free!
셜록,1,"스타트렉,셜록"
트랜스포머 프라임,1,트랜스포머 프라임
X,1,X
이세계 냥변,1,이세계 냥변
콜린스가의 유산,1,콜린스가의 유산
소라의 언어,1,소라의 언어
버디 미션 BOND,1,"버디 미션 BOND,역전재판"
이나즈마일레븐 go,1,이나즈마일레븐 go
유희왕 5DS,1,유희왕 5DS
금붕어,1,금붕어
메이드 아가씨,1,메이드 아가씨
햄스터 창작 캐릭터,1,햄스터 창작 캐릭터
좀비시드,1,좀비시드
레진 키링,1,"레진 키링,요술봉"
요술봉,1,"레진 키링,요술봉"
트랜스포머 비스트워즈,1,트랜스포머 비스트워즈
무스,1,"포밍이와 친구들,무스"
가죽공예,1,"수공예,레진공예,가죽공예,마크라메,창작시집"
마크라메,1,"수공예,레진공예,가죽공예,마크라메,창작시집"
소시민 시리즈,1,소시민 시리즈
멋진 징조들+루시퍼,1,"닌타마 란타로,멋진 징조들+루시퍼(크로스오버),모브사이코100"
크로스오버,1,"닌타마 란타로,멋진 징조들+루시퍼(크로스오버),모브사이코100"
오디세이아,1,오디세이아
국민캐주얼레이싱온라인PC게임,1,"테일즈런너(국민캐주얼레이싱온라인PC게임),울트라맨 긴가S"
울트라맨 긴가S,1,"테일즈런너(국민캐주얼레이싱온라인PC게임),울트라맨 긴가S"
천관사복 & 창작,1,천관사복 & 창작
데스티니 가디언즈2,1,"발더스게이트 3,데스티니 가디언즈2"
블루아카,1,"블루아카,블리치,길티기어"
엘든링,1,"발더스 게이트 3,엘든링"
우레탄 레진으로 만든 작고 귀여운 동물캐릭터 피규어 인형,1,우레탄 레진으로 만든 작고 귀여운 동물캐릭터 피규어 인형
가면라이더 에그제이드,1,가면라이더 에그제이드
특수촬영물,1,특수촬영물(가면라이더 등)
가면라이더 등,1,특수촬영물(가면라이더 등)
가면라이더 오즈 부활의 코어메달,1,가면라이더 오즈 부활의 코어메달
왕님전대 킹오쟈,1,왕님전대 킹오쟈
파묘,1,파묘
임금님전대 킹오쟈,1,임금님전대 킹오쟈(파워레인저 킹덤포스)
Guardians Of The Galaxy,1,Guardians Of The Galaxy
구미호뎐,1,"구미호뎐,구미호뎐1938"
구미호뎐1938,1,"구미호뎐,구미호뎐1938"
공포 영화,1,"공포 영화,미드,스타워즈"
미드,1,"공포 영화,미드,스타워즈"
VIVANT,1,VIVANT
가면라이더 블레이드,1,가면라이더 블레이드
범죄도시4,1,범죄도시4
D.P.,1,D.P.
똑 닮은 딸,1,똑 닮은 딸
구주의 시간,1,구주의 시간
언더프린,1,언더프린
나쁜마법사의꿈,1,나쁜마법사의꿈
나윤싫,1,나윤싫
질풍기획,1,"질풍기획,집이없어,전자오락수호대"
어서오세요 305호에!,1,어서오세요 305호에!
신의탑,1,신의탑
나루토 은혼 괴담출근,1,나루토 은혼 괴담출근
하이큐 오란고교 나츠메 괴담출근 니지산지 은혼 히로아카,1,하이큐 오란고교 나츠메 괴담출근 니지산지 은혼 히로아카
무협창작지,1,무협창작지
인형용 잔디밭 매트,1,인형용 잔디밭 매트
창작만화,1,창작만화
판타지 수학대전,1,판타지 수학대전
서뱀프,1,서뱀프
마법명가 차남으로 살아남기,1,마법명가 차남으로 살아남기
러브 앤 딥스페이스,1,러브 앤 딥스페이스
오오에 / 닌타마,1,오오에 / 닌타마
페르소나/헌터x헌터/나루토,1,페르소나/헌터x헌터/나루토
레진공예 키링,1,레진공예 키링
악마에 입문했습니다 이루마군,1,악마에 입문했습니다 이루마군
음합엔진,1,음합엔진
더크리처,1,"회색도시,베리드스타즈,더크리처"
1차 창작 솜인형과 악세사리,1,1차 창작 솜인형과 악세사리
새로운 상사는 귀여운 허당,1,새로운 상사는 귀여운 허당
무해한 과일친구들,1,무해한 과일친구들
유희왕 VRIANS,1,유희왕 VRIANS
슬로우 데미지,1,슬로우 데미지
1차 오리지널 창작,1,1차 오리지널 창작
몽키키드,1,몽키키드
타입문,1,타입문
검은방회색도시베스타,1,검은방회색도시베스타
이니셜디d,1,"이니셜디d,1차창작"
이니셜d,1,이니셜d
DM/GX/5Ds/Zexal,1,"유희왕(DM/GX/5Ds/Zexal),요철세계"
루오와 친구들,1,루오와 친구들
회색도시1,1,"베리드 스타즈,골든카무이,회색도시1,2"
2,1,"베리드 스타즈,골든카무이,회색도시1,2"
키미가시네,1,키미가시네
하이큐 괴수8호,1,하이큐 괴수8호
신이말하는대로,1,"용과같이,신이말하는대로"
마법사의 약속 마호야쿠,1,마법사의 약속 마호야쿠
남궁세가 무사님이 로판에서 환생했다,1,남궁세가 무사님이 로판에서 환생했다
프세카 에이스테,1,프세카 에이스테
일리아스,1,일리아스
란마1/2,1,란마1/2
케이온 / 보컬로이드,1,"봇치더록,케이온 / 보컬로이드,포켓몬"
프세카/보컬로이드,1,프세카/보컬로이드
Banana Fish,1,Banana Fish
아이돌리쉬세븐 아이나나 i7,1,아이돌리쉬세븐 아이나나 i7
Scp재단,1,Scp재단
패션 라가,1,"패션(PASSION),패션 라가(PASSION RAGA)"
PASSION RAGA,1,"패션(PASSION),패션 라가(PASSION RAGA)"
위쳐,1,"다크소울,위쳐,파이널판타지14"
유희왕 GX,1,유희왕 GX
노리개,1,노리개
유희왕GX / A5,1,유희왕GX / A5
ADELTA,1,"ADELTA(울트라씨,오오에)"
"울트라씨,오오에",1,"ADELTA(울트라씨,오오에)"
레진키링 탑로더,1,레진키링 탑로더
프롬게임,1,"발더게3,프롬게임,드래곤에이지"
다꾸 굿즈,1,"스티커,다꾸 굿즈"
음성합성엔진,1,음성합성엔진
나꽁아꽁,1,나꽁아꽁
와야마 작가님 작품,1,와야마 작가님 작품
가비지타임/다이아몬드에이스,1,가비지타임/다이아몬드에이스
타임 란도셀 - 2026 캘린더,1,타임 란도셀 - 2026 캘린더
가라오케가자/파미레스가자,1,가라오케가자/파미레스가자
리리무,1,"에반게리온,봇치더락,리리무"
여러 장르 연합 부스,1,여러 장르 연합 부스
뮤지컬 리지,1,뮤지컬 리지
발더스게이트3 발더게3,1,발더스게이트3 발더게3
페르소나3포터블,1,페르소나3포터블
보컬로이드 가비지타임,1,보컬로이드 가비지타임
파이널판타지,1,"오버워치,파이널판타지"
나인 솔즈,1,나인 솔즈
STRIPES,1,STRIPES(스트라입스)
스트라입스,1,STRIPES(스트라입스)
도트,1,도트
Trpg,1,"Trpg,인세인"
세븐틴 우마무스메,1,세븐틴 우마무스메
가면라이더 스트롱거,1,가면라이더 스트롱거
가면라이더 오즈 10th 부활의 코어메달,1,가면라이더 오즈 10th 부활의 코어메달
BBC셜록,1,BBC셜록
문나이트,1,"문나이트,씨너스"
씨너스,1,"문나이트,씨너스"
토에이 특촬,1,토에이 특촬
브래드 피트,1,"브래드 피트,가면라이더 오즈,스타워즈,엑스맨"
가면라이더 오즈,1,"브래드 피트,가면라이더 오즈,스타워즈,엑스맨"
엑스맨,1,"브래드 피트,가면라이더 오즈,스타워즈,엑스맨"
임금님 전대 킹오져,1,임금님 전대 킹오져
임금님전대 킹오저/가면라이더 가브,1,임금님전대 킹오저/가면라이더 가브
데드풀과 울버린,1,데드풀과 울버린
가면라이더 세이버,1,가면라이더 세이버
베스트 키드,1,베스트 키드
이제훈 필모그래피,1,이제훈 필모그래피
가면라이더 가이무,1,가면라이더 가이무
팔콘과 윈터솔져,1,"팔콘과 윈터솔져,캡틴아메리카 브레이브 뉴 월드,썬더볼츠*"
캡틴아메리카 브레이브 뉴 월드,1,"팔콘과 윈터솔져,캡틴아메리카 브레이브 뉴 월드,썬더볼츠*"
썬더볼츠*,1,"팔콘과 윈터솔져,캡틴아메리카 브레이브 뉴 월드,썬더볼츠*"
파이트클럽,1,파이트클럽
가면라이더 디케이드,1,가면라이더 디케이드
신참자,1,신참자
빨강,1,"빨강,파랑,어쨌든 찬란(영화)"
파랑,1,"빨강,파랑,어쨌든 찬란(영화)"
어쨌든 찬란,1,"빨강,파랑,어쨌든 찬란(영화)"
영화,1,"빨강,파랑,어쨌든 찬란(영화)"
가면라이더 위자드,1,"가면라이더 지오,가면라이더 위자드,가면라이더 더블"
가면라이더 고스트,1,가면라이더 고스트
스타트렉 AOS,1,스타트렉 AOS
크리미널마인드,1,크리미널마인드
울트라맨 루브,1,"울트라맨 루브,염신전대 고온저"
염신전대 고온저,1,"울트라맨 루브,염신전대 고온저"
두마리를 위한 뜰,1,"약한영웅,두마리를 위한 뜰,평행도시"
평행도시,1,"약한영웅,두마리를 위한 뜰,평행도시"
도자기 수공예,1,도자기 수공예
타이니트래블러,1,타이니트래블러
사카모토,1,사카모토
위빙 기법을 사용하여 제작한 수제 매트를 판매합니다. 여름의 푸릇한 잔디를 닮은 잔디밭 위빙 매트,1,"위빙 기법을 사용하여 제작한 수제 매트를 판매합니다. 여름의 푸릇한 잔디를 닮은 잔디밭 위빙 매트,눈길 위에 뽀작뽀작 남은 발자국을 표현한 발자국 위빙 매트 등을 판매해요."
눈길 위에 뽀작뽀작 남은 발자국을 표현한 발자국 위빙 매트 등을 판매해요.,1,"위빙 기법을 사용하여 제작한 수제 매트를 판매합니다. 여름의 푸릇한 잔디를 닮은 잔디밭 위빙 매트,눈길 위에 뽀작뽀작 남은 발자국을 표현한 발자국 위빙 매트 등을 판매해요."
데못죽/가비지타임,1,데못죽/가비지타임
슬램덩크 전독시,1,슬램덩크 전독시
작혼,1,"파판14,작혼,블루록,아카기,피크민"
베놈,1,베놈
다이에이,1,다이에이
귀멸,1,귀멸
동물의 숲,1,동물의 숲
읜브레,1,읜브레
유가미 군은 친구가 없다,1,유가미 군은 친구가 없다
가정교사 히트맨 REBORN!,1,가정교사 히트맨 REBORN!
디지몬 테이머즈,1,디지몬 테이머즈
햄스터 캐릭터,1,햄스터 캐릭터
토로와 로토 / 저세상 악마들,1,토로와 로토 / 저세상 악마들
로드 오브 히어로즈 로오히,1,로드 오브 히어로즈 로오히
명급,1,명급
역전재판 4,1,역전재판 4
시집,1,"수공예,일러스트,시집"
곤투모로우,1,"신삼국,곤투모로우"
프로젝트 세카이 피쳐링 하츠네미쿠,1,프로젝트 세카이 피쳐링 하츠네미쿠
이런영웅은싫어,1,이런영웅은싫어
개구리중사케로로,1,개구리중사케로로
페르소나5R,1,페르소나5R
프로젝트 세카이 컬러풀 스테이지 피쳐링 하츠네 미쿠,1,프로젝트 세카이 컬러풀 스테이지 피쳐링 하츠네 미쿠
주인공이 컨셉충이면 곤란한가요,1,주인공이 컨셉충이면 곤란한가요
기동전사 건담 00,1,"기동전사 건담 00,죠죠의 기묘한 모험"
역전재판 456,1,역전재판 456
G/Z/A,1,"유희왕(G/Z/A),명급리"
악마집사와 검은 고양이,1,"죠죠의 기묘한 모험,원피스,발더스 게이트 3,악마집사와 검은 고양이"
조인허스 2024 신작 엽서 및 단편,1,조인허스 2024 신작 엽서 및 단편
주술회전 사카모토 데이즈,1,주술회전 사카모토 데이즈
민대리,1,민감한 대리님(민대리)
회귀자 사용설명서,1,회귀자 사용설명서
글램핑,1,글램핑
용의자 X의 헌신,1,용의자 X의 헌신
ㅇ,1,ㅇ
이번 생은 우주대스타,1,이번 생은 우주대스타
이런 환생은 원치않아,1,이런 환생은 원치않아
전독시 명급리,1,전독시 명급리
패스파인더 랭커를위한 바른생활안내서,1,패스파인더 랭커를위한 바른생활안내서
공작님,1,"공작님,회개해주세요"
회개해주세요,1,"공작님,회개해주세요"
던전을 그리는 화가,1,던전을 그리는 화가 (던그화)
창조주의편애법,1,창조주의편애법
화산귀한,1,화산귀한
<내가 키운 S급들>,1,"<내가 키운 S급들>,<전지적 독자 시점>을 포함한 웹소설"
<전지적 독자 시점>을 포함한 웹소설,1,"<내가 키운 S급들>,<전지적 독자 시점>을 포함한 웹소설"
김 대리는 아이돌이 싫어,1,김 대리는 아이돌이 싫어(김아싫)
나 혼자만 레벨업,1,"나혼렙,나 혼자만 레벨업"
트리니티블러드,1,트리니티블러드
무당기협,1,무당기협
공포소설 속 조연은 사람으로 살고싶다,1,공포소설 속 조연은 사람으로 살고싶다
아킬레우스의 노래,1,아킬레우스의 노래
에이티식스,1,에이티식스
빌런에게도 사연이 있다,1,빌런에게도 사연이 있다
내스급 & 데못죽,1,내스급 & 데못죽
공포 소설 속 조연은 사람으로 살고 싶다.,1,공포 소설 속 조연은 사람으로 살고 싶다.
가정교사 히트맨 reborn,1,가정교사 히트맨 reborn
체크 위빙 매트,1,"체크 위빙 매트,잔디밭 위빙 매트"
잔디밭 위빙 매트,1,"체크 위빙 매트,잔디밭 위빙 매트"
화산,1,화산
괴수8호 사카모토데이즈,1,괴수8호 사카모토데이즈
야냐의 간격,1,야냐의 간격
포켓몬스터 스바,1,"프로젝트세카이,포켓몬스터 스바"
마블 로키,1,마블 로키
데스티니 가디언즈(데스티니2) 등등 게임장르 위주 + 창작 굿즈,1,"에이펙스 레전드,발더스게이트3,몬스터헌터,데스티니 가디언즈(데스티니2) 등등 게임장르 위주 + 창작 굿즈"
미스터리 방학 시리즈,1,미스터리 방학 시리즈 (오리지널 단편 트윈지)
오리지널 단편 트윈지,1,미스터리 방학 시리즈 (오리지널 단편 트윈지)
오리지널 1차 창작,1,오리지널 1차 창작
니지산지JP,1,니지산지JP
프롤로그 스토리,1,"프롤로그 스토리,천관사복"
스파이더맨 어크로스 더 유니버스,1,"콜오브듀티,오버워치,스파이더맨 어크로스 더 유니버스"
룩백,1,룩백
슈퍼 단간론파 어나더,1,슈퍼 단간론파 어나더
백합,1,백합
신도야근을하나요,1,신도야근을하나요
바닷속 친구들,1,"포밍이와 친구들,바닷속 친구들"
ㅊㅅㅇㅁ,1,ㅊㅅㅇㅁ
원신 및 스타레일,1,원신 및 스타레일
카르멘의 순애보,1,카르멘의 순애보
FGO 페이트 그랜드 오더,1,FGO 페이트 그랜드 오더
대니팬텀,1,"대니팬텀,회색도시,이세계착각헌터,데못죽"
마법소녀,1,마법소녀
메타포,1,"유희왕,메타포,페그오"
솜인형 / 솜인형 악세사리,1,솜인형 / 솜인형 악세사리
도박패왕전제로,1,도박패왕전제로
데못죽 플레이브,1,데못죽 플레이브
코난 등,1,"원피스,코난 등"
가부키초 배드트립 이케다와 리오,1,"가비지타임,가부키초 배드트립 이케다와 리오"
히프스테,1,"히프노시스 마이크,히프스테(룰 더 스테이지)"
거침없이 하이킥,1,거침없이 하이킥
바다토끼 릴리,1,바다토끼 릴리
자이언트 로보,1,자이언트 로보
바다소품,1,바다소품
창작GL,1,"봇치더록,우마무스메,창작GL"
가면라이더 스피리츠,1,가면라이더 스피리츠
블랙스타 시어터 스타레스,1,블랙스타 시어터 스타레스
1차 음반,1,"1차 음반,스티커"
더 킹오브 파이터즈,1,더 킹오브 파이터즈
도쿄에일리언즈,1,도쿄에일리언즈
아이돌마스터,1,"단간론파,괴수 8호,아이돌마스터,보컬로이드,할로우나이트"
7인의 카리스마,1,7인의 카리스마
기동전사건담 지쿠악스,1,"건담,기동전사건담 지쿠악스"
기동전사 건담 시드,1,기동전사 건담 시드
블루록 가히리,1,블루록 가히리
학교에서 있었던 무서운 이야기,1,학교에서 있었던 무서운 이야기
새로운상사는귀여운허당,1,새로운상사는귀여운허당
볼택션,1,볼택션(버튜버)
Gravityfalls,1,"Gravityfalls,헌터×헌터"
Call of Cthulhu 7th,1,Call of Cthulhu 7th
창작 룰,1,"인세인,창작 룰,미니 RPG"
미니 RPG,1,"인세인,창작 룰,미니 RPG"
겁스,1,겁스
더블크로스 3판,1,"더블크로스 3판,마기카로기아"
둘이서수사,1,"더블크로스,둘이서수사,블러드패스"
다이스타워,1,다이스타워
모험기획국 인세인 inSANe,1,모험기획국 인세인 inSANe
취록의 플로리아,1,"취록의 플로리아,플레지위치,컴즈,주사위"
플레지위치,1,"취록의 플로리아,플레지위치,컴즈,주사위"
컴즈,1,"취록의 플로리아,플레지위치,컴즈,주사위"
주사위,1,"취록의 플로리아,플레지위치,컴즈,주사위"
마모노 스크램블,1,마모노 스크램블
크툴루의 부름 7판,1,크툴루의 부름 7판
자작룰,1,자작룰
키즈나불릿,1,"더블크로스 3rd,키즈나불릿"
드라크루쥬,1,드라크루쥬
COC 크툴루의 부름,1,COC 크툴루의 부름
언성듀엣,1,"주인감염,언성듀엣"
디앤디,1,"DnD,디앤디,던전 앤 드래곤"
inSANe,1,inSANe
광쇄의 리벌처,1,광쇄의 리벌처
아리안로드 RPG 2E,1,아리안로드 RPG 2E
카미가카리,1,카미가카리
블루밍하우스 만화,1,"크툴루의 부름,시노비가미,블루밍하우스 만화"
프린세스월드,1,"프린세스월드,CoC,인세인"
멀티 장르 호러 TRPG inSANe 시나리오,1,멀티 장르 호러 TRPG inSANe 시나리오
신화창세RPG 아마데우스,1,신화창세RPG 아마데우스
DoubleCross the 3rd Edition,1,DoubleCross the 3rd Edition
아니마 아니무스,1,아니마 아니무스
insane,1,"insane,coc,DX3rd"
인술배틀 TRPG 시노비가미,1,인술배틀 TRPG 시노비가미
Dx3rd,1,Dx3rd
더블크로스 The 3rd Edition,1,더블크로스 The 3rd Edition
던전앤드래곤5,1,던전앤드래곤5
설화학당,1,"CoC,설화학당"
COC 7TH,1,COC 7TH
Vampire the masquerade 5th,1,Vampire the masquerade 5th
인귀혈맹RPG 블러드패스,1,인귀혈맹RPG 블러드패스 (블패)
블패,1,인귀혈맹RPG 블러드패스 (블패)
창작룰,1,창작룰
스트라토 샤우트,1,스트라토 샤우트
버디미션본드,1,버디미션본드
데드 바이 데이라이트,1,데드 바이 데이라이트
데레스테,1,"데레스테,진 삼국무쌍 오리진"
진 삼국무쌍 오리진,1,"데레스테,진 삼국무쌍 오리진"
초탐정사건부 레인코드,1,"대역전재판,초탐정사건부 레인코드"
마루토쿠,1,마루토쿠
틱택토,1,틱택토
포켓몬SV,1,포켓몬SV
파이어 엠블렘 무쌍 풍화설월,1,"파이어 엠블렘 무쌍 풍화설월,길티기어"
1차창작 쯔꾸르게임,1,1차창작 쯔꾸르게임
세키로,1,"포켓몬,세키로"
호그와트 레거시,1,호그와트 레거시
고스트 와이어,1,고스트 와이어
fgo 페그오 페이트 그랜드 오더,1,fgo 페그오 페이트 그랜드 오더
프레디의 피자가게,1,프레디의 피자가게 (Five Nights at Freddy's)
Five Nights at Freddy's,1,프레디의 피자가게 (Five Nights at Freddy's)
포켓몬 SV,1,"포켓몬 SV,단간론파"
데스티니가디언즈,1,"오버워치,프롬 소프트웨어 게임,데스티니가디언즈"
5,1,"페르소나 3,4,5"
오쓰! 싸워라! 응원단,1,오쓰! 싸워라! 응원단
드래곤퀘스트11s,1,드래곤퀘스트11s
저지아이즈:사신의 유언,1,저지아이즈:사신의 유언
프로세카. 앙스타,1,프로세카. 앙스타
궤적 시리즈,1,궤적 시리즈
드래곤 퀘스트11,1,드래곤 퀘스트11
드래곤에이지시리즈,1,"발더스게이트3,드래곤에이지시리즈,하데스"
하데스,1,"발더스게이트3,드래곤에이지시리즈,하데스"
앙상블스타즈 앙스타,1,앙상블스타즈 앙스타
아케인,1,"앙상블 스타즈!! Music,아케인"
아이돌리쉬세븐 아이나나 IDOLiSH7,1,아이돌리쉬세븐 아이나나 IDOLiSH7
비즈공예,1,"수공예,레진공예,비즈공예,뜨개공예"
뜨개공예,1,"수공예,레진공예,비즈공예,뜨개공예"
근육맨 2세,1,근육맨 2세
몰락세가의 시한부 영약,1,"화산귀환,진혼기,몰락세가의 시한부 영약"
기븐,1,기븐
go,1,go
Call of duty:Modern warfare 2,1,Call of duty:Modern warfare 2
좀비고,1,좀비고
소드 아트 온라인,1,"대역전재판,소드 아트 온라인"
관을 가진 신의 손,1,관을 가진 신의 손
김토리,1,김토리
동물의숲,1,"파이널판타지14,아카기,동물의숲,블루록"
나츠메 우인장,1,"나츠메 우인장,히프노시스 마이크"
다시 살다,1,"의원,다시 살다,순정철학논고"
순정철학논고,1,"의원,다시 살다,순정철학논고"
일곱개의 대죄,1,"일곱개의 대죄,위치즈하트"
주술,1,주술
포케미쿠,1,"단간론파,괴수 8호,가쿠마스,포케미쿠,할로우나이트,니디걸오버도즈,봇치더락"
월간 순정 노자키군,1,월간 순정 노자키군
SCOOLBOYS!歩(아유미)!,1,SCOOLBOYS!歩(아유미)!
스튜디오 묘니,1,"스튜디오 묘니,포밍이와 친구들"
잔불의 기사,1,"MIU404,언내추럴,FF14,잔불의 기사,닌타마"
유희왕GX /A5,1,유희왕GX /A5
오오에 괴담출근,1,오오에 괴담출근
수공예비녀,1,수공예비녀
괴수 8호 괴담출근,1,괴수 8호 괴담출근
페이트/스테이 나이트,1,페이트/스테이 나이트
기동전사건담 UC,1,기동전사건담 UC
러브라이브! 니지가사키학원스쿨아이돌동호회,1,러브라이브! 니지가사키학원스쿨아이돌동호회
요츠메가미-재회-,1,요츠메가미-재회-
자이언트로보,1,자이언트로보
오리지널 일러스트,1,오리지널 일러스트
잉여특공대,1,잉여특공대
손금 읽기,1,손금 읽기
1차 창작 수공예품,1,1차 창작 수공예품(레진)
레진,1,1차 창작 수공예품(레진)
탑로더 하트쉐이커,1,탑로더 하트쉐이커
버츄얼 유투버,1,"페르소나,건담,버츄얼 유투버"
주츄즈,1,주츄즈
프롬 게임,1,"발더스게이트3,프롬 게임"
앙상블스타즈!! 앙스타,1,앙상블스타즈!! 앙스타
1차 창작 만화,1,"1차 창작 만화,1차 창작 스티커"
1차 창작 스티커,1,"1차 창작 만화,1차 창작 스티커"
핸드메이드 창작,1,"핸드메이드 창작,문구류"
SCHOOLBOYS!歩(아유미)！,1,SCHOOLBOYS!歩(아유미)！
스텔라이브,1,"명일방주,스텔라이브,페르소나"
GX/5Ds/Zexal,1,"유희왕(GX/5Ds/Zexal),요철세계"
괴담출근 이착헌 데못죽,1,괴담출근 이착헌 데못죽
페이트fate 시리즈,1,페이트fate 시리즈
금색의 갓슈,1,금색의 갓슈
썬더일레븐 go,1,"페이트/그랜드 오더,썬더일레븐 go"
지크프리트x파에톤,1,지크프리트x파에톤(1차 커플)
1차 커플,1,지크프리트x파에톤(1차 커플)
Slam dunk,1,Slam dunk
슬램덩크 대만태웅..,1,슬램덩크 대만태웅..
명탐정 코난 / 매직 카이토,1,명탐정 코난 / 매직 카이토
나루토 헌헌 은혼 괴출,1,나루토 헌헌 은혼 괴출
장르소설,1,장르소설
울C ADELTA,1,울C ADELTA
서애덕,1,버튜버(서애덕)
파판14 발더게3 이착헌 역전재판,1,파판14 발더게3 이착헌 역전재판
혈계,1,혈계
또봇,1,"또봇,메탈카드봇"
포켓몬 피크민,1,포켓몬 피크민
창작 문구,1,창작 문구
레진키링,1,레진키링
2차 창작,1,"1차 창작,2차 창작(체인소맨,히스토리에,지저스크라이스트수퍼스타,지크슈)"
"체인소맨,히스토리에,지저스크라이스트수퍼스타,지크슈",1,"1차 창작,2차 창작(체인소맨,히스토리에,지저스크라이스트수퍼스타,지크슈)"
콜오브듀티:모던워페어 리부트,1,콜오브듀티:모던워페어 리부트
수성의마녀,1,"봇치더락,수성의마녀,걸즈밴드크라이"
1차장착물,1,1차장착물
낙제닌자 란타로,1,"낙제닌자 란타로,닌자보이 란타로,시광대리인"
전독시 괴담출근 데못죽,1,전독시 괴담출근 데못죽
수요전,1,수요전
그랑블루판타지,1,그랑블루판타지
파과,1,"가비지타임,파과"
오리지널 (1차창작) 만화&소설,1,오리지널 (1차창작) 만화&소설
새벽의 연화,1,"새벽의 연화,니지산지"
소품 등,1,"솜인형 옷장,소품 등"
고민,1,고민
괴담출근.데못죽.플레이브,1,괴담출근.데못죽.플레이브
우미네코 고서점,1,우미네코 고서점
프로젝트세카이 보컬로이드,1,프로젝트세카이 보컬로이드
수상한 메신저,1,"프로젝트 세카이,빛과 밤의 사랑,수상한 메신저,연애 경보~키스는 미션 후에"
연애 경보~키스는 미션 후에,1,"프로젝트 세카이,빛과 밤의 사랑,수상한 메신저,연애 경보~키스는 미션 후에"
탑꾸 데코덴,1,탑꾸 데코덴
가라오케 가자 / 닌타마 / 원신,1,가라오케 가자 / 닌타마 / 원신
성경,1,성경
가바지타임,1,"가바지타임,닥터스톤"
스즈미야 하루히의 우울,1,스즈미야 하루히의 우울
카이지 외전,1,카이지 외전(카이지없음)
카이지없음,1,카이지 외전(카이지없음)
데드바이데이라이트,1,데드바이데이라이트 (데바데)
오아시스,1,"젠레스존제로,오아시스,슬램덩크"
도검난무-ONLINE-,1,도검난무-ONLINE-
게나조,1,게나조
걸밴크,1,"걸밴크,뱅드림 마이고/아베무지카"
뱅드림,1,뱅드림
디지몬 은혼 사카모토 윈브레 괴담출근,1,디지몬 은혼 사카모토 윈브레 괴담출근
트라이브 나인,1,트라이브 나인
신비의 제왕,1,"괴담에 떨어져도 출근을 해야 하는구나,발더스게이트3,신비의 제왕"
페리오드 서바이벌 시리즈,1,페리오드 서바이벌 시리즈
은혼 헌터x헌터,1,은혼 헌터x헌터
도검난무 ONLINE,1,도검난무 ONLINE
조회지,1,"조회지,이환원,괴담출근"
이환원,1,"조회지,이환원,괴담출근"
데못죽 내스급 괴담출근,1,데못죽 내스급 괴담출근
김대리는 아이돌이 싫어,1,김대리는 아이돌이 싫어 (김아싫)
프리스트 작,1,"살파랑,열화요수,프리스트 작"
몰락 세가의 시한부 영약,1,"화산귀환,몰락 세가의 시한부 영약,천관사복"
svsss 인사반파자구계통,1,svsss 인사반파자구계통
상냥돌,1,상냥돌
공작님 회개해주세요,1,공작님 회개해주세요
변경백 서자는 황제였다/괴담에 떨어져도 출근을 해야하는구나,1,변경백 서자는 황제였다/괴담에 떨어져도 출근을 해야하는구나
프롤스토,1,"프롤스토,아월스,명급리"
아월스,1,"프롤스토,아월스,명급리"
오리지널 창작,1,오리지널 창작
(크법사) 크툴루 게임 속 천재 마법사가 되었다.,1,(크법사) 크툴루 게임 속 천재 마법사가 되었다.
망나니 아이돌피디 살아남기,1,망나니 아이돌피디 살아남기
빙위특,1,"빙위특,회멱데,김아싫"
회멱데,1,"빙위특,회멱데,김아싫"
괴담출근.데못죽.이착헌.,1,괴담출근.데못죽.이착헌.
괴담에 빙의해도 출근해야 하는구나,1,괴담에 빙의해도 출근해야 하는구나
의다살 명급리,1,의다살 명급리
전원 사망이 예정된 세계관,1,전원 사망이 예정된 세계관
이세계 착각 헌터 문송안함 괴담출근,1,이세계 착각 헌터 문송안함 괴담출근
다시 살다. 괴담에 떨어져도 출근을 해야 하는구나.,1,"의원,다시 살다. 괴담에 떨어져도 출근을 해야 하는구나."
공작님회계해주세요,1,"괴담출근,의원다시살다,공작님회계해주세요,의다살,괴출,공회주"
적기사는 눈먼 돈을 좇지 않는다,1,"괴담에 떨어져도 출근을 해야하는 구나,적기사는 눈먼 돈을 좇지 않는다,월야환담"
이착헌 문송안함,1,이착헌 문송안함
회귀자 멱살 잡고 데뷔합니다,1,회귀자 멱살 잡고 데뷔합니다
주인공이 컨셉충이면 곤란한가요&마법명가 차남으로 살아남는 법&괴담에 떨어져도 출근을 해야 하는 구나&명문고 EX급 조연의 리플레이,1,주인공이 컨셉충이면 곤란한가요&마법명가 차남으로 살아남는 법&괴담에 떨어져도 출근을 해야 하는 구나&명문고 EX급 조연의 리플레이
괴담에 떨어져도 출근을 해야 하는 구나 / 어두운 바다의 등불이 되어,1,괴담에 떨어져도 출근을 해야 하는 구나 / 어두운 바다의 등불이 되어
열화요수 - Priest,1,열화요수 - Priest
허잇차! 세자님,1,허잇차! 세자님
진격거,1,진격거
플레이브 헌터헌터,1,플레이브 헌터헌터
미라큘러스: 레이디버그와 블랙캣,1,미라큘러스: 레이디버그와 블랙캣
둥굴레차!,1,"무기미도,둥굴레차!,거침없이 하이킥!"
좀비고등학교,1,좀비고등학교
지운대,1,지운대
windbreaker,1,"윈드브레이커,윈브레,windbreaker"
주술회전 윈브레,1,주술회전 윈브레
도키걸즈,1,도키걸즈
베리베리 뮤우뮤우,1,"프리파라,보컬로이드,베리베리 뮤우뮤우"
탑로더 후우링,1,탑로더 후우링
오리지널 + 죠죠의 기묘한 모험,1,오리지널 + 죠죠의 기묘한 모험
꼬마마법사 레미,1,"헌터헌터,고전애니,니지산지,가비지타임,주술회전,프리파라,달빛천사,꼬마마법사 레미"
미국TV드라마,1,수퍼내추럴(미국TV드라마)
유희왕 원작,1,유희왕 원작
악마에 입문했습니다 이루마군 mafia if,1,악마에 입문했습니다 이루마군 mafia if
창조주의 편애법,1,창조주의 편애법
수공예와 솜인형,1,수공예와 솜인형
울트라맨,1,울트라맨
버튜버 애덕 닌타마 란타로,1,버튜버 애덕 닌타마 란타로
1차 오리지널,1,"괴담출근,데못죽,1차 오리지널"
꿈의라이브프리즘스톤,1,"Lkyt.,꿈의라이브프리즘스톤"
DC코믹스 슈퍼선즈,1,DC코믹스 슈퍼선즈
뜨개인형,1,뜨개인형
아따맘마,1,아따맘마
쯔꾸르RPG,1,"위치즈하트,충사,쯔꾸르RPG,안개비가내리는숲"
트랜스포머 ONE,1,트랜스포머 ONE
솜인형 옷,1,솜인형 옷
페스페,1,"페이트,괴담출근,페스페"
오리지널창작,1,오리지널창작
명일방주 엔드필드,1,명일방주 엔드필드
1차 창작 HL,1,"1차 창작 HL,BL,GL 소설 / 개인창작 귀여운 캐릭터들"
GL 소설 / 개인창작 귀여운 캐릭터들,1,"1차 창작 HL,BL,GL 소설 / 개인창작 귀여운 캐릭터들"
괴담에빠져도출근하는구나,1,"괴담에빠져도출근하는구나,전지적독자시점"
뽐뽐 스튜디오,1,뽐뽐 스튜디오
트랜스포머 원,1,트랜스포머 원
도키메모gs 도키걸즈,1,도키메모gs 도키걸즈
포스터가 36번지에는 괴물이 산다,1,포스터가 36번지에는 괴물이 산다
유희왕5Ds,1,유희왕5Ds
미스터리 쉘터 체리블랑,1,미스터리 쉘터 체리블랑
나이트윙,1,나이트윙
여학교의 별,1,"가라오케 가자,여학교의 별,빠졌어 너에게"
빠졌어 너에게,1,"가라오케 가자,여학교의 별,빠졌어 너에게"
트랜스포머 애니메이티드,1,트랜스포머 애니메이티드
원룸조교님,1,원룸조교님
도키메키 메모리얼 걸즈사이드,1,도키메키 메모리얼 걸즈사이드
데스노트 소울이터 보컬로이드 니지산지 등,1,데스노트 소울이터 보컬로이드 니지산지 등
유희왕 등,1,유희왕 등
트랜스포머애니메이티드,1,트랜스포머애니메이티드
TFP,1,TFP
100미터. 명일방주,1,"나루토,리버스1999,괴담출근,100미터. 명일방주"
breakmycase,1,breakmycase
트랜스포머 G1,1,트랜스포머 G1
괴담출근/괴수8호/이세계착각헌터,1,괴담출근/괴수8호/이세계착각헌터
에리오스r,1,에리오스r
페르소나3 리로드,1,페르소나3 리로드
오토메게임,1,오토메게임
P의 거짓,1,P의 거짓
파이널판타지 시리즈,1,파이널판타지 시리즈
"1,2,3디럭스,4",1,"피크민 (1,2,3디럭스,4)"
이나즈마 일레븐 시리즈,1,이나즈마 일레븐 시리즈
아라비안즈로스트,1,"바이오하자드,아라비안즈로스트"
진·여신전생 5 Vengeance,1,진·여신전생 5 Vengeance
파이어 엠블렘 시리즈,1,"파이어 엠블렘 시리즈,Fate 시리즈,Fate/Grand order"
페르소나 5 로열,1,페르소나 5 로열
쯔꾸르 게임 등,1,"쯔꾸르 게임 등,위치즈하트,안개비가내리는숲"
프리즘스톤,1,"프리즘스톤,포켓몬스터"
페르소나5로얄,1,페르소나5로얄
할로우나이트 실크송,1,할로우나이트 실크송
아머드코어 포앤서,1,아머드코어 포앤서
데스티니 가디언즈,1,"오버워치,데스티니 가디언즈"
사우스 파크: 프랙처드 벗 홀,1,"그랜드 체이스,사우스 파크: 프랙처드 벗 홀"
DMC,1,데빌 메이 크라이(DMC)
연운십육성,1,연운십육성
아머드코어 라스트레이븐,1,아머드코어 라스트레이븐
dmmd,1,"오오에,dmmd"
페르소나 5 더 로열,1,페르소나 5 더 로열
페르소나4 피어앤헝거2,1,페르소나4 피어앤헝거2
길티기어 파판14,1,길티기어 파판14
드래곤 에이지2,1,드래곤 에이지2
블러드본,1,"오버워치,가쿠마스,블러드본"
보이스1,1,"파이어엠블렘 풍화설월,보이스1"
저지아이즈,1,저지아이즈
"베일가드,인퀴지션",1,"드래곤에이지(베일가드,인퀴지션)"
세븐나이츠,1,세븐나이츠
(쯔꾸르게임)ib,1,"(쯔꾸르게임)ib,살육의 천사,피학의 노엘"
살육의 천사,1,"(쯔꾸르게임)ib,살육의 천사,피학의 노엘"
피학의 노엘,1,"(쯔꾸르게임)ib,살육의 천사,피학의 노엘"
오오엥,1,"아이돌리쉬세븐,오오엥"
탑꾸 탑로더,1,탑꾸 탑로더
아이돌랜드 프리파라,1,아이돌랜드 프리파라
초심돌,1,"데못죽,초심돌"
아이엠스타/프리티시리즈,1,아이엠스타/프리티시리즈
데뷔 못하면 죽는병,1,데뷔 못하면 죽는병
오드 디마퓨 레라 킹프리 프리파라,1,프리티 시리즈(오드 디마퓨 레라 킹프리 프리파라)
아이돌리쉬 세븐 아이나나,1,아이돌리쉬 세븐 아이나나
아이돌 마스터 밀리언 라이브!,1,아이돌 마스터 밀리언 라이브!
DC,1,"DC,바이오하자드"
자수 수공예품,1,자수 수공예품
해즈빈호텔&헬루바보스,1,해즈빈호텔&헬루바보스
페르소나 4 골든,1,"페르소나4 골든,페르소나 4 골든"
카드캡터사쿠라,1,"카드캡터사쿠라,히카루가 죽은 여름,오리지널(1차),캐릭캐릭체인지,달빛천사,너에게닿기를"
너에게닿기를,1,"카드캡터사쿠라,히카루가 죽은 여름,오리지널(1차),캐릭캐릭체인지,달빛천사,너에게닿기를"
원피스 ONEPIECE,1,원피스 ONEPIECE
유희왕 5D's,1,"유희왕,유희왕 5D's"
꿈빛파티시엘,1,꿈빛파티시엘
페이트 그랜드 오더(FGO)/기동전사 건담,1,페이트 그랜드 오더(FGO)/기동전사 건담
괴담출근 괴담에 떨어져도 출근을 해야하는구나,1,괴담출근 괴담에 떨어져도 출근을 해야하는구나
핸드메이드 인형,1,핸드메이드 인형
뜨개질 공예품,1,"수공예.,레진공예,뜨개질 공예품,탑로더"
trpg,1,trpg
럭키스타,1,럭키스타
망각소년,1,망각소년
마태인,1,마태인
유희왕 Zexal,1,유희왕 Zexal
<진혼기>,1,<진혼기>
내 무협 주인공이 나를 싫어한다,1,"내 무협 주인공이 나를 싫어한다,주나싫"
주나싫,1,"내 무협 주인공이 나를 싫어한다,주나싫"
헬루바보스/해즈빈호텔,1,헬루바보스/해즈빈호텔
위치즈 하트,1,위치즈 하트
지.-지구의운동에대하여-,1,"지.-지구의운동에대하여-,100미터."
re;quartz零度,1,re;quartz零度
팬스가 체인소맨 니케 캐릭캐릭체인지 캐캐체 포켓몬스터 마법소녀마도카마기카 던전밥,1,팬스가 체인소맨 니케 캐릭캐릭체인지 캐캐체 포켓몬스터 마법소녀마도카마기카 던전밥
지.-지구의 운동에 대하여-,1,"100M.,지.-지구의 운동에 대하여-"
트라이건 맥시멈/트라이건,1,트라이건 맥시멈/트라이건
연극성 회귀 생활,1,연극성 회귀 생활
스터레일,1,"붕괴: 스타레일,스터레일"
무대 히프노시스마이크 rule the stage,1,"무대 히프노시스마이크 rule the stage,히프노시스마이크"
페이트/스트레인지 페이크,1,"누카니발,페이트/스트레인지 페이크"
힘내라 나카무라군,1,힘내라 나카무라군
소년 점프작품,1,소년 점프작품
스티그마타,1,스티그마타
진여신전생,1,"페르소나 시리즈,진여신전생,메타포 리판타지오,니어: 오토마타,니어 레플리칸트"
니어: 오토마타,1,"페르소나 시리즈,진여신전생,메타포 리판타지오,니어: 오토마타,니어 레플리칸트"
솜인형 드레스,1,"핸드메이드 봉제인형,솜인형 드레스"
파이널 판타지 7,1,"룬의아이들,내가 키운 S급들,파이널 판타지 7"
헌드레드 라인 -최종방위학원-,1,"마왕의 고백,헌드레드 라인 -최종방위학원-"
이나이레,1,"이나즈마 일레븐,이나즈마일레븐,이나이레"
프야생,1,"프로야구생존기(프야생),위닝샷,슬램덩크"
SLAM DUNK,1,"SLAM DUNK(슬램덩크),THE FIRST SLAM DUNK"
(이나즈마)썬더일레븐,1,(이나즈마)썬더일레븐
GM,1,"GM,클로저이상용,프로야구생존기,GM시리즈,GM시리즈(최훈)"
클로저이상용,1,"GM,클로저이상용,프로야구생존기,GM시리즈,GM시리즈(최훈)"
최훈,1,"GM,클로저이상용,프로야구생존기,GM시리즈,GM시리즈(최훈)"
ひゃくえむ。,1,"100미터.,100미터.(ひゃくえむ。)"
다이아몬드에이스/겁쟁이페달,1,다이아몬드에이스/겁쟁이페달
아아실드21,1,아아실드21
이나즈마 일레븐 GO,1,이나즈마 일레븐 GO
머메이드 멜로디 피치피치핏치,1,"케이팝데몬헌터스,머메이드 멜로디 피치피치핏치,약사의 혼잣말"
더 화이팅,1,더 화이팅
SLAMDUNK,1,SLAMDUNK
세일러문,1,"이누야샤,세일러문,원피스"
월드 다이 스타,1,월드 다이 스타
우마무스메 PRETTY DERBY,1,"우마무스메 PRETTY DERBY,붕괴: 스타레일"
림버스 컴퍼니,1,"림버스 컴퍼니,아인"
아인,1,"림버스 컴퍼니,아인"
갓오브워 시리즈,1,갓오브워 시리즈 (게임)
게임,1,갓오브워 시리즈 (게임)
가정교사 히트맨 리본 가히리,1,"도리벤(도쿄리벤저스),가정교사 히트맨 리본 가히리"
작혼 : 리치마작,1,"젤다의 전설,작혼 : 리치마작"
요술봉키링,1,요술봉키링
한터헌터,1,한터헌터
사우스파크 메달리스트 던전밥,1,사우스파크 메달리스트 던전밥
[하늘연달],1,[하늘연달]
호요버스,1,호요버스
바람분댕,1,바람분댕
천추,1,"잔차품,슬램덩크,천추,군유질부,야요타야에야와디,야요타야아이야와디"
군유질부,1,"잔차품,슬램덩크,천추,군유질부,야요타야에야와디,야요타야아이야와디"
야요타야에야와디,1,"잔차품,슬램덩크,천추,군유질부,야요타야에야와디,야요타야아이야와디"
야요타야아이야와디,1,"잔차품,슬램덩크,천추,군유질부,야요타야에야와디,야요타야아이야와디"
<극락왕생>,1,<극락왕생>
신세기 에반게리온,1,"신세기 에반게리온,소닉 더 헤지혹 시리즈,포켓몬스터,페르소나 시리즈"
이니셜 D,1,이니셜 D
어메이징 디지털 서커스,1,"어메이징 디지털 서커스,디지털서커스"
광마회귀 드림,1,"광마회귀 드림,화산귀환 드림,히프노시스 마이크 드림,골든 카무이 드림"
화산귀환 드림,1,"광마회귀 드림,화산귀환 드림,히프노시스 마이크 드림,골든 카무이 드림"
히프노시스 마이크 드림,1,"광마회귀 드림,화산귀환 드림,히프노시스 마이크 드림,골든 카무이 드림"
골든 카무이 드림,1,"광마회귀 드림,화산귀환 드림,히프노시스 마이크 드림,골든 카무이 드림"
보컬로이드 등,1,보컬로이드 등
고스트바둑왕,1,"모브사이코100,고스트바둑왕(히카루의바둑),전독시"
히카루의바둑,1,"모브사이코100,고스트바둑왕(히카루의바둑),전독시"
니지산지 호시루베,1,"마법명가 차남으로 살아남는 법,니지산지 호시루베,유희왕,고서점가의 하시히메"
드림,1,"명일방주,드림,페이트 스트레인지 페이크"
병안본,1,"인사반파자구계통,이합화타적백묘사존,너희들은 변호됐다,병안본"
우우울트라C,1,"고서점가의 하시히메,우우울트라C"
기동전사 건담:역습의 샤아,1,"기동전사 건담,기동전사 건담:역습의 샤아,기동전사 건담 시리즈"
기동전사 건담 시리즈,1,"기동전사 건담,기동전사 건담:역습의 샤아,기동전사 건담 시리즈"
디지몬 어드벤쳐,1,디지몬 어드벤쳐
"유희왕 (DM,우마무스메 등",1,"유희왕 (DM,우마무스메 등"
아다치레이,1,"우마무스메,닌자보이 란타로,아다치레이"
캐캐체,1,"할로우나이트,세포신곡,캐릭캐릭체인지,캐캐체,프로젝트 세카이 컬러풀 스테이지 feat.하츠네미쿠,테일즈런너,미쿠,장송의프리렌"
주토피아,1,주토피아
월간순정 노자키군,1,월간순정 노자키군
소녀가극 레뷰 스타라이트,1,소녀가극 레뷰 스타라이트
급리,1,급리
베스타,1,"데스노트,베리드 스타즈(베스타),인사반파자구계통,호시노겐"
호시노겐,1,"데스노트,베리드 스타즈(베스타),인사반파자구계통,호시노겐"
아이카츠 아카데미,1,"아이카츠 스타즈,아이카츠 아카데미"
러브라이브! 시리즈,1,"러브라이브! 시리즈,러브라이브! 블루버드"
러브라이브! 블루버드,1,"러브라이브! 시리즈,러브라이브! 블루버드"
빨강머리 백설공주,1,빨강머리 백설공주
갓갓갓,1,"공조살,갓갓갓,아이카츠! (아이엠스타),명탐점 코난"
명탐점 코난,1,"공조살,갓갓갓,아이카츠! (아이엠스타),명탐점 코난"
ABYSSOS,1,ABYSSOS
창작디자인문구,1,"오리지널,창작디자인문구"
tiger&bunny,1,tiger&bunny
용자왕 가오가이가,1,용자왕 가오가이가
유희왕 고 러시!!,1,"유희왕 고러시!!,유희왕 고 러시!!"
케이팝 아이돌 몬스타엑스,1,케이팝 아이돌 몬스타엑스
SCP 재단,1,SCP 재단
히티드라이벌리,1,"DC코믹스,히티드라이벌리"
18트립,1,"18TRIP,18트립"
